client_canonical,type,geography,nwp_2019,pct_change_yoy,rank_2019,combined_ratio,gwp,growth_pct,relationship_type,bucket_strategy,priority_position,exl_growth_leader,exl_ce,outsource,exl_client,exl_share_of_wallet,renewal_timeframe_account_level,future_tcv,client_priority_rating,exl_competitors_listed,year_flag,ceo,cfo,cro,cco,coo,cio_cto,cuo,num_competitors_at_account,total_competitor_ftes_estimated,competitors_at_account_summary,num_engagements_total,num_priorities,num_priorities_not_initiated,num_priorities_with_mapped_solution,source_files_touched,file_vintages_touched,ingestion_date
ABD Insurance and Financial Services,Broker,US,39200000.0,,51.0,,,,,,,,,,,,,,,,,,,,,,,,0,,,0,0,0,0,F1,2020-08-03,2026-05-27
AF Group,Carrier,US,1617767000.0,0.0819999999999999,58.0,,,,,,,,,,,,,,,,,,,,,,,,0,,,0,0,0,0,F1,2020-08-03,2026-05-27
AHT Insurance,Broker,US,25725165.0,,82.0,,,,,,,,,,,,,,,,,,,,,,,,0,,,0,0,0,0,F1,2020-08-03,2026-05-27
AIS Insurance*,Broker,US,99878000.0,,22.0,,,,,,,,,,,,,,,,,,,,,,,,0,,,0,0,0,0,F1,2020-08-03,2026-05-27
AON,,UK/Europe,,,,,,0.019,Named,Acceleration of ramps / Deacceleration of ramp downs,18.0,Mohit,Wayne Reed,,,,,,,,,,,,,,,,1,490.0,"Genpact (5 eng, 490 FTEs)",5,0,0,0,F1,"2020-08-03,2021-02-21",2026-05-27
AXA U.S. Group,Carrier,US,2441804000.0,-0.303,33.0,,,,,,,,,,,,,,,,,,,,,,,,0,,,0,0,0,0,F1,2020-08-03,2026-05-27
AXIS US Operations,Carrier,US,1932319000.0,-0.148,48.0,107.3,,,Named,,,Sean,Sean,Yes,Yes,,,,,"Genpact, Infosys",2022,Albert Benchimol,Pete Vogt,Ben Rubin,Mike Baumel,Rob Hartman,Keith Schlosser,Eric Gesick,0,,,0,0,0,0,F1,2020-08-03,2026-05-27
Acrisure LLC,Broker,US,942352957.0,,6.0,,,,,,,,,,,,,,,,,,,,,,,,0,,,0,0,0,0,F1,2020-08-03,2026-05-27
"Acuity, A Mutual Ins Co",Carrier,US,1582349000.0,0.078,61.0,,,,,,,,,,,,,,,,,,,,,,,,0,,,0,0,0,0,F1,2020-08-03,2026-05-27
Alera Group,Broker,US,82173000.0,,26.0,,,,,,,,,,,,,,,,,,,,,,,,0,,,0,0,0,0,F1,2020-08-03,2026-05-27
Alfa Ins Group,Carrier,US,1326984000.0,-0.024,66.0,,,,,,,,,,,,,,,,,,,,,,,,0,,,0,0,0,0,F1,2020-08-03,2026-05-27
Alleghany Corp Group,Carrier,US,5344634000.0,0.145,24.0,,,,,,,,,,,,,,,,,,,,,,,,0,,,0,0,0,0,F1,2020-08-03,2026-05-27
Alliant Insurance Services Inc.,Broker,US,1024784327.0,,4.0,,,,,,,,,,,,,,,,,,,,,,,,0,,,0,0,0,0,F1,2020-08-03,2026-05-27
Allianz US PC Ins Companies,Carrier,US,4091021000.0,0.536,40.0,,,,,,,,,,,,,,,,,,,,,,,,0,,,0,0,0,0,F1,2020-08-03,2026-05-27
Allstate,Carrier,US,34038467000.0,0.054,4.0,85.0,$34.8B,0.057,Strategic,Accelerate decision making in existing new pursuits,7.0,Roopak,Amit Gaba,Yes,Yes,Medium,,,,"Genpact, Fractal",Perpetual MSA,Tom Wilson,Mario Rizzo,Mark Prindiville,Eric Brandt,Glenn Shapiro,Suren Gupta,,8,5900.0,"Genpact (2 eng, ? FTEs)",9,5,0,0,F1,"2020-08-03,2021-02-21,2024-06-01",2026-05-27
Ally Ins Group,Carrier,US,555768000.0,0.153,124.0,,,,,,,,,,,,,,,,,,,,,,,,0,,,0,0,0,0,F1,2020-08-03,2026-05-27
AmTrust,Carrier,US,2083893000.0,-0.165,42.0,,,,,,,,,,Yes,,,,,,,,,,,,,,1,,"WNS (1 eng, ? FTEs)",1,0,0,0,F1,"2020-08-03,2021-02-21",2026-05-27
Amer Family Ins Group,Carrier,US,11841650000.0,0.043,13.0,105.7,,,Named,,,Sean,Sean,Yes,Yes,,,,,,,Jack Charles Salzwedel,Dan Kelly,Joseph Gates,Scott Little,,Kristen Kirkconnel,,0,,,0,0,0,0,F1,2020-08-03,2026-05-27
Amer Intl Group,Carrier,US,14825888000.0,0.015,10.0,,,,,,,,,Yes,,,,,,CTS,,,,,,,,,0,,,0,0,0,0,F1,2020-08-03,2026-05-27
Amer Natl Prop & Cas Group,Carrier,US,1430047000.0,0.047,85.0,,,,,,,,,,,,,,,,,,,,,,,,0,,,0,0,0,0,F1,2020-08-03,2026-05-27
AmeriTrust Group,Carrier,US,519823000.0,-0.02,119.0,,,,,,,,,,,,,,,,,,,,,,,,0,,,0,0,0,0,F1,2020-08-03,2026-05-27
American Family,,US,,,,105.7,$23B,,Named,Drive Solutions across existing and new clients that leverages our combined strengths,25.0,Sean,Sean,,,,,,,,,,,,,,,,0,,,0,0,0,0,F1,2020-08-03,2026-05-27
American Modern,Carrier,US,2500000000.0,0.03,,,$2.5B,0.03,Named,Accelerate decision making in existing new pursuits,15.0,Sean,Sean,Yes,,,,,,TCS,Just signed with us,Andreas Kleiner,Rene Gobanya,Trey Griffith,Eric Hunzinger,Paul Schneider,Bill Gottsacker,Kam Jha,3,,,3,0,0,0,F1,"2020-08-03,2024-06-01",2026-05-27
Amerisure Cos,Carrier,US,796474000.0,-0.0289999999999999,91.0,,,,,,,,,,,,,,,,,,,,,,,,0,,,0,0,0,0,F1,2020-08-03,2026-05-27
Amica Mutual Group,Carrier,US,2294966000.0,-0.033,45.0,,,,,,,,,,,,,,,,,,,,,,,,0,,,0,0,0,0,F1,2020-08-03,2026-05-27
Andover Companies Pool,Carrier,US,656469000.0,0.026,108.0,,,,,,,,,,,,,,,,,,,,,,,,0,,,0,0,0,0,F1,2020-08-03,2026-05-27
Andreini & Company,Broker,US,34409442.0,,60.0,,,,,,,,,,,,,,,,,,,,,,,,0,,,0,0,0,0,F1,2020-08-03,2026-05-27
Ansay & Associates,Broker,US,40986433.0,,49.0,,,,,,,,,,,,,,,,,,,,,,,,0,,,0,0,0,0,F1,2020-08-03,2026-05-27
Arbella Ins Group,Carrier,US,801023000.0,0.022,95.0,,,,,,,,,,,,,,,,,,,,,,,,0,,,0,0,0,0,F1,2020-08-03,2026-05-27
Arch Ins Group,Carrier,US,2908209000.0,-0.002,37.0,,,,,,,,,,,,,,,,,,,,,,,,0,,,0,0,0,0,F1,2020-08-03,2026-05-27
Argo Group,Carrier,US,1090173000.0,0.207,84.0,,,,,,,,,,,,,,,,,,,,,,,,0,,,0,0,0,0,F1,2020-08-03,2026-05-27
Aspen,Carrier,US,937992000.0,0.995,127.0,,,,,,,,,,,,,,,,,,,,,,,,1,,"Genpact (1 eng, ? FTEs)",1,0,0,0,F1,"2020-08-03,2021-02-21",2026-05-27
Associated Benefits and Risk Consulting,Broker,US,31289600.0,,65.0,,,,,,,,,,,,,,,,,,,,,,,,0,,,0,0,0,0,F1,2020-08-03,2026-05-27
Associated Insurance Management LLC,Broker,US,19711707.0,,98.0,,,,,,,,,,,,,,,,,,,,,,,,0,,,0,0,0,0,F1,2020-08-03,2026-05-27
Assurance,Broker,US,78042000.0,,28.0,,,,,,,,,,,,,,,,,,,,,,,,0,,,0,0,0,0,F1,2020-08-03,2026-05-27
Assurant,Carrier,US,3000087000.0,-0.067,35.0,,,,Strategic,Accelerate decision making in existing new pursuits,11.0,Roopak,Dushyant,,Yes,,,,,,,,,,,,,,3,,,3,0,0,0,F1,"2020-08-03,2024-06-01",2026-05-27
AssuredPartners Inc.,Broker,US,981752255.0,,5.0,,,,,,,,,,,,,,,,,,,,,,,,0,,,0,0,0,0,F1,2020-08-03,2026-05-27
Atlas Insurance Agency,Broker,US,21336977.0,,94.0,,,,,,,,,,,,,,,,,,,,,,,,0,,,0,0,0,0,F1,2020-08-03,2026-05-27
Atlas Insurance Brokers LLC,Broker,US,23815891.0,,88.0,,,,,,,,,,,,,,,,,,,,,,,,0,,,0,0,0,0,F1,2020-08-03,2026-05-27
Auto Club Enterprises Ins Group,Carrier,US,4546591000.0,0.053,27.0,,,,,,,,,,,,,,,,,,,,,,,,0,,,0,0,0,0,F1,2020-08-03,2026-05-27
Auto Club Group,Carrier,US,2473773000.0,0.03,43.0,,,,,,,,,,,,,,,,,,,,,,,,0,,,0,0,0,0,F1,2020-08-03,2026-05-27
Auto-Owners Ins Group,Carrier,US,8585830000.0,0.074,14.0,,,,,,,,,,Yes,,,,,,,,,,,,,,0,,,0,0,0,0,F1,2020-08-03,2026-05-27
Aviva,,UK/Europe,,,,97.5,£31.2bn,0.09,Strategic,Accelerate decision making in existing new pursuits,20.0,Nick ,Nick ,,,,,,,,,,,,,,,,2,,"TCS (1 eng, ? FTEs); WNS (1 eng, ? FTEs)",2,0,0,0,F1,"2020-08-03,2021-02-21",2026-05-27
Axis,Named,US,,,,107.3,6.9,0.01,Named,Accelerate decision making in existing new pursuits,17.0,Sean,Sean,Yes,,,,,,"Genpact, Infy",2022,Albert Benchimol,Pete Vogt,Ben Rubin,Mike Baumel,Rob Hartman,Keith Schlosser,Eric Gesick,0,,,0,0,0,0,F1,2020-08-03,2026-05-27
Baldwin Risk Partners,Broker,US,62411604.0,,33.0,,,,,,,,,,,,,,,,,,,,,,,,0,,,0,0,0,0,F1,2020-08-03,2026-05-27
Berkshire Hathaway,Carrier,US,53754763000.0,0.079,2.0,,,,,,,,,,,,,,,,,,,,,,,,0,,,0,0,0,0,F1,2020-08-03,2026-05-27
Bolton & Company,Broker,US,30505000.0,,67.0,,,,,,,,,,,,,,,,,,,,,,,,0,,,0,0,0,0,F1,2020-08-03,2026-05-27
"Bowen, Miclette & Britt Insurance Agency LLC",Broker,US,46322192.0,,44.0,,,,,,,,,,,,,,,,,,,,,,,,0,,,0,0,0,0,F1,2020-08-03,2026-05-27
BroadStreet Partners Inc.,Broker,US,559589000.0,,7.0,,,,,,,,,,,,,,,,,,,,,,,,0,,,0,0,0,0,F1,2020-08-03,2026-05-27
CNA,Carrier,US,6953530000.0,0.059,20.0,94.8,$7.7B,0.07,Strategic,Drive Solutions across existing and new clients that leverages our combined strengths,2.0,Saju,Roopak,Yes,Yes,Medium,,,,,2022-01-01 00:00:00,Dino Robusto,Al Miralles,,Daniel Franzetti,Kevin Leidwinger,Michael Costonis,Douglas M. Worman,7,,,7,4,0,0,F1,"2020-08-03,2024-06-01",2026-05-27
COUNTRY Financial PC Group,Carrier,US,2564827000.0,0.069,44.0,,,,,,,,,,,,,,,,,,,,,,,,0,,,0,0,0,0,F1,2020-08-03,2026-05-27
CSAA Ins Group,Carrier,US,4031220000.0,0.015,28.0,,,,,,,,,,,,,,,,,,,,,,,,0,,,0,0,0,0,F1,2020-08-03,2026-05-27
CUMIS Ins Society Group,Carrier,US,930654000.0,0.003,82.0,,,,,,,,,,,,,,,,,,,,,,,,0,,,0,0,0,0,F1,2020-08-03,2026-05-27
Central Ins Cos,Carrier,US,720489000.0,0.022,102.0,,,,,,,,,,,,,,,,,,,,,,,,0,,,0,0,0,0,F1,2020-08-03,2026-05-27
Charles L. Crane Agency,Broker,US,36000000.0,,57.0,,,,,,,,,,,,,,,,,,,,,,,,0,,,0,0,0,0,F1,2020-08-03,2026-05-27
Christensen Group,Broker,US,23176417.0,,91.0,,,,,,,,,,,,,,,,,,,,,,,,0,,,0,0,0,0,F1,2020-08-03,2026-05-27
Chubb,Carrier,US,18249079000.0,-0.067,8.0,,,,,,,,,,Yes,,,,,,,,,,,,,,0,,,0,0,0,0,F1,2020-08-03,2026-05-27
Church Mutual Ins Group,Carrier,US,845741000.0,0.095,96.0,,,,,,,,,,,,,,,,,,,,,,,,0,,,0,0,0,0,F1,2020-08-03,2026-05-27
Cincinnati Ins Cos,Carrier,US,5379896000.0,0.069,23.0,,,,,,,,,,,,,,,,,,,,,,,,0,,,0,0,0,0,F1,2020-08-03,2026-05-27
Citizens Property lns Corporation,Carrier,US,638990000.0,0.037,112.0,,,,,,,,,,,,,,,,,,,,,,,,0,,,0,0,0,0,F1,2020-08-03,2026-05-27
Cobbs Allen,Broker,US,24496827.0,,85.0,,,,,,,,,,,,,,,,,,,,,,,,0,,,0,0,0,0,F1,2020-08-03,2026-05-27
Confie,Broker,US,515000000.0,,8.0,,,,,,,,,,,,,,,,,,,,,,,,0,,,0,0,0,0,F1,2020-08-03,2026-05-27
CopperPoint Ins Group,Carrier,US,609825000.0,0.023,115.0,,,,,,,,,,,,,,,,,,,,,,,,0,,,0,0,0,0,F1,2020-08-03,2026-05-27
Crest Insurance Group LLC,Broker,US,23696935.0,,89.0,,,,,,,,,,,,,,,,,,,,,,,,0,,,0,0,0,0,F1,2020-08-03,2026-05-27
Cross Insurance,Broker,US,134000000.0,,16.0,,,,,,,,,,,,,,,,,,,,,,,,0,,,0,0,0,0,F1,2020-08-03,2026-05-27
Doctors Co Ins Group,Carrier,US,917599000.0,0.009,83.0,,,,,,,,,,,,,,,,,,,,,,,,0,,,0,0,0,0,F1,2020-08-03,2026-05-27
Donegal Ins Group,Carrier,US,916803000.0,0.016,85.0,,,,,,,,,,,,,,,,,,,,,,,,0,,,0,0,0,0,F1,2020-08-03,2026-05-27
EMC lns Cos,Carrier,US,1910680000.0,0.015,53.0,,,,,,,,,,,,,,,,,,,,,,,,0,,,0,0,0,0,F1,2020-08-03,2026-05-27
EPIC,Broker,US,461377714.0,,9.0,,,,,,,,,,,,,,,,,,,,,,,,0,,,0,0,0,0,F1,2020-08-03,2026-05-27
Eastern Insurance Group LLC,Broker,US,90322469.0,,24.0,,,,,,,,,,,,,,,,,,,,,,,,0,,,0,0,0,0,F1,2020-08-03,2026-05-27
Employers Ins Group,Carrier,US,845519000.0,-0.131,99.0,,,,,,,,,,,,,,,,,,,,,,,,0,,,0,0,0,0,F1,2020-08-03,2026-05-27
Encova Mutual Ins Group,Carrier,US,1092778000.0,0.013,74.0,,,,,,,,,,,,,,,,,,,,,,,,0,,,0,0,0,0,F1,2020-08-03,2026-05-27
Erle Ins Group,Carrier,US,7478390000.0,0.055,16.0,,,,,,,,,,,,,,,,,,,,,,,,0,,,0,0,0,0,F1,2020-08-03,2026-05-27
Essent Guar Group,Carrier,US,556138000.0,0.086,121.0,,,,,,,,,,,,,,,,,,,,,,,,0,,,0,0,0,0,F1,2020-08-03,2026-05-27
Esure Insurance Holdings,,UK/Europe,,,,,,,Named,Drive Solutions across existing and new clients that leverages our combined strengths,12.0,Mohit ,,,,,,,,,,,,,,,,,0,,,0,0,0,0,F1,2020-08-03,2026-05-27
Everest,Carrier,US,5797634000.0,0.148,22.0,88.7,$4B,0.04,Named,Accelerate decision making in existing new pursuits,16.0,Sean,Sean,Yes,Yes,,,,,,2023,Mike Karmilowicz,Dana Lodge,"Bill Thygeson, CAO",Patricia Mcmahon,Mike Mulray,Owen Williams,Open,4,,,4,0,0,0,F1,"2020-08-03,2024-06-01",2026-05-27
FCCI Ins Group,Carrier,US,810502000.0,0.005,92.0,,,,,,,,,,,,,,,,,,,,,,,,0,,,0,0,0,0,F1,2020-08-03,2026-05-27
FM Global Group,Carrier,US,4007616000.0,0.104,32.0,,,,,,,,,,,,,,,,,,,,,,,,0,,,0,0,0,0,F1,2020-08-03,2026-05-27
FMH Ins Group,Carrier,US,603172000.0,0.225,123.0,,,,,,,,,,,,,,,,,,,,,,,,0,,,0,0,0,0,F1,2020-08-03,2026-05-27
Fairfax Financial (USA) Group,Carrier,US,7632626000.0,0.098,17.0,,,,,,,,,,,,,,,,,,,,,,,,0,,,0,0,0,0,F1,2020-08-03,2026-05-27
Farm Bureau P&C Group,Carrier,US,1417693000.0,0.023,63.0,,,,,,,,,,,,,,,,,,,,,,,,0,,,0,0,0,0,F1,2020-08-03,2026-05-27
Farmers,,US,,,,,,,Named,Acceleration of ramps / Deacceleration of ramp downs,23.0,Sean,Sean,,,,,,,,,,,,,,,,0,,,0,0,0,0,F1,2020-08-03,2026-05-27
Farmers Ins Group,Carrier,US,14483557000.0,0.033,11.0,,,,Named,,,Sean,Sean,Yes,Yes,,,,,,,Jeff Dailey,Scott Lindquist,,Rob Howard,,Paul Wilson,,0,,,0,0,0,0,F1,2020-08-03,2026-05-27
Federated Mutual Group,Carrier,US,1649373000.0,0.115,60.0,,,,,,,,,,,,,,,,,,,,,,,,0,,,0,0,0,0,F1,2020-08-03,2026-05-27
Fisher Brown Bottrell Insurance Inc.,Broker,US,36224107.0,,56.0,,,,,,,,,,,,,,,,,,,,,,,,0,,,0,0,0,0,F1,2020-08-03,2026-05-27
Foa & Son Corporation,Broker,US,23050000.0,,92.0,,,,,,,,,,,,,,,,,,,,,,,,0,,,0,0,0,0,F1,2020-08-03,2026-05-27
Frankenmuth Ins Group,Carrier,US,715161000.0,0.03,103.0,,,,,,,,,,,,,,,,,,,,,,,,0,,,0,0,0,0,F1,2020-08-03,2026-05-27
Frost Insurance,Broker,US,30984905.0,,66.0,,,,,,,,,,,,,,,,,,,,,,,,0,,,0,0,0,0,F1,2020-08-03,2026-05-27
Genworth,Carrier,US,818540000.0,0.071,97.0,,,,,,,,,,,,,,,,,,,,,,,,1,300.0,"Genpact (2 eng, 300 FTEs)",2,0,0,0,F1,"2020-08-03,2021-02-21",2026-05-27
Germania Mutual Group,Carrier,US,563068000.0,0.185,126.0,,,,,,,,,,,,,,,,,,,,,,,,0,,,0,0,0,0,F1,2020-08-03,2026-05-27
Gowrie Group,Broker,US,40400000.0,,50.0,,,,,,,,,,,,,,,,,,,,,,,,0,,,0,0,0,0,F1,2020-08-03,2026-05-27
Graham Company,Broker,US,51126847.0,,39.0,,,,,,,,,,,,,,,,,,,,,,,,0,,,0,0,0,0,F1,2020-08-03,2026-05-27
Grange Ins Pool,Carrier,US,1274202000.0,0.059,70.0,,,,,,,,,,,,,,,,,,,,,,,,0,,,0,0,0,0,F1,2020-08-03,2026-05-27
Great Amer P&C Ins Group,Carrier,US,4689656000.0,0.079,26.0,93.7,,,Named,,,Sean,Sean,Yes,,,,,,,,"Carl Lindnor, Craig Lindnor",Jeff Consolino,,,Gary Gruber,Chad Stewart,,0,,,0,0,0,0,F1,2020-08-03,2026-05-27
Great American,Named,US,,,,93.7,$13B,0.02,Named,Acceleration of ramps / Deacceleration of ramp downs,22.0,Sean,Sean,,,,,,,,,"Carl Lindnor, Craig Lindnor",Jeff Consolino,,,Gary Gruber,Chad Stewart,,0,,,0,0,0,0,F1,2020-08-03,2026-05-27
Grinnell Mutual Group,Carrier,US,648848000.0,0.015,109.0,,,,,,,,,,,,,,,,,,,,,,,,0,,,0,0,0,0,F1,2020-08-03,2026-05-27
HNI,Broker,US,29713476.0,,70.0,,,,,,,,,,,,,,,,,,,,,,,,0,,,0,0,0,0,F1,2020-08-03,2026-05-27
HUB International Ltd.,Broker,US,1435434756.0,,1.0,,,,,,,,,,,,,,,,,,,,,,,,0,,,0,0,0,0,F1,2020-08-03,2026-05-27
Hanover Insurance Group,Carrier,US,4580867000.0,0.042,25.0,95.6,"$4,581.7 M (NWP)",0.045,Strategic,Drive more adoption of Analytics,6.0,Saju,Aditya Chaturvedi,Yes,Yes,Medium,,,,"CTS, NTT, PWC",2021-12-01 00:00:00,"John ""Jack"" Roche",Jeff Farber,Catherine Eska,Mark Welzenbach,"Gayle Falvey - CL
Michele Streton - PL",Mark Berthiaume,Chip Hamann (Small Commercial),12,924.0,"Corvel (1 eng, ? FTEs); Cognizant (1 eng, ? FTEs); Insurity (1 eng, ? FTEs); Medata (1 eng, ? FTEs); NTT Data (1 eng, ? FTEs); TBD (1 eng, ? FTEs)",13,0,0,0,F1,"2020-08-03,2021-02-21,2024-06-01",2026-05-27
Hartford,Carrier,US,11871251000.0,0.032,12.0,94.0,Ross Fisher,$17B,Strategic,Drive more adoption of Analytics,5.0,Saju,Kuldeep,Yes,Yes,Medium,,,,CTS,2024-12-01 00:00:00,Chris Swift,Beth Costello,Robert Paiano,John Kinney,Bill Bloom,Bill Bloom,Ross Fisher,2,840.0,"Cognizant (5 eng, 680 FTEs)",7,0,0,0,F1,"2020-08-03,2021-02-21,2024-06-01",2026-05-27
"Haylor, Freyer & Coon Inc.",Broker,US,32795256.0,,62.0,,,,,,,,,,,,,,,,,,,,,,,,0,,,0,0,0,0,F1,2020-08-03,2026-05-27
Heffernan Insurance Brokers,Broker,US,101773230.0,,19.0,,,,,,,,,,,,,,,,,,,,,,,,0,,,0,0,0,0,F1,2020-08-03,2026-05-27
Higginbotham,Broker,US,139406000.0,,15.0,,,,,,,,,,,,,,,,,,,,,,,,0,,,0,0,0,0,F1,2020-08-03,2026-05-27
Hilb Group,Broker,US,100630793.0,,21.0,,,,,,,,,,,,,,,,,,,,,,,,0,,,0,0,0,0,F1,2020-08-03,2026-05-27
HomeServices Insurance,Broker,US,29050000.0,,72.0,,,,,,,,,,,,,,,,,,,,,,,,0,,,0,0,0,0,F1,2020-08-03,2026-05-27
Horace Mann Ins Group,Carrier,US,680261000.0,0.002,105.0,,,,,,,,,,,,,,,,,,,,,,,,0,,,0,0,0,0,F1,2020-08-03,2026-05-27
Houchens Insurance Group Inc.,Broker,US,49576644.0,,42.0,,,,,,,,,,,,,,,,,,,,,,,,0,,,0,0,0,0,F1,2020-08-03,2026-05-27
Huntington Insurance,Broker,US,38406000.0,,52.0,,,,,,,,,,,,,,,,,,,,,,,,0,,,0,0,0,0,F1,2020-08-03,2026-05-27
Hylant,Broker,US,101412314.0,,20.0,,,,,,,,,,,,,,,,,,,,,,,,0,,,0,0,0,0,F1,2020-08-03,2026-05-27
IAG,Strategic,Australia,,,,1.23,"12,135 ($m)",0.011,Strategic,Accelerate decision making in existing new pursuits,9.0,Vilas,Vilas,Yes,,,,,,WNS,2021-10-01 00:00:00,Peter Harmer,Nick Hawkins,David Watts,,,Neil Morgan,,0,,,0,0,0,0,F1,2020-08-03,2026-05-27
IAT Ins Group,Carrier,US,1238639000.0,0.16,75.0,,,,,,,,,,,,,,,,,,,,,,,,0,,,0,0,0,0,F1,2020-08-03,2026-05-27
ICW Pool,Carrier,US,1142082000.0,0.149,80.0,,,,,,,,,,,,,,,,,,,,,,,,0,,,0,0,0,0,F1,2020-08-03,2026-05-27
IMA Financial Group Inc.,Broker,US,147043601.0,,14.0,,,,,,,,,,,,,,,,,,,,,,,,0,,,0,0,0,0,F1,2020-08-03,2026-05-27
INSURICA Inc.,Broker,US,94391726.0,,23.0,,,,,,,,,,,,,,,,,,,,,,,,0,,,0,0,0,0,F1,2020-08-03,2026-05-27
Insgroup Inc.,Broker,US,25861000.0,,81.0,,,,,,,,,,,,,,,,,,,,,,,,0,,,0,0,0,0,F1,2020-08-03,2026-05-27
Insurance Office of America Inc.,Broker,US,187415483.0,,13.0,,,,,,,,,,,,,,,,,,,,,,,,0,,,0,0,0,0,F1,2020-08-03,2026-05-27
Intact US Ins Group,Carrier,US,1202199000.0,0.067,73.0,,,,,,,,,,,,,,,,,,,,,,,,0,,,0,0,0,0,F1,2020-08-03,2026-05-27
JGS Insurance,Broker,US,24369575.0,,86.0,,,,,,,,,,,,,,,,,,,,,,,,0,,,0,0,0,0,F1,2020-08-03,2026-05-27
James G Parker Insurance Associates,Broker,US,31842000.0,,64.0,,,,,,,,,,,,,,,,,,,,,,,,0,,,0,0,0,0,F1,2020-08-03,2026-05-27
John M Glover Agency,Broker,US,23432531.0,,90.0,,,,,,,,,,,,,,,,,,,,,,,,0,,,0,0,0,0,F1,2020-08-03,2026-05-27
KY Fann Bureau Group,Carrier,US,1059496000.0,0.002,77.0,,,,,,,,,,,,,,,,,,,,,,,,0,,,0,0,0,0,F1,2020-08-03,2026-05-27
Kemper,Carrier,US,4042228000.0,0.085,30.0,93.0,$4B,0.3,Named,Accelerate decision making in existing new pursuits,8.0,Roopak,Amit Gaba,Yes,Yes,Medium,,,,Accenture,2021-01-01 00:00:00,Joe Lacher,Jim McKinney,Max Mindak,Kim Leggette,Duane Sanders,Charles Brooks,,2,80.0,,2,0,0,0,F1,"2020-08-03,2024-06-01",2026-05-27
L/P Insurance Services,Broker,US,20655286.0,,96.0,,,,,,,,,,,,,,,,,,,,,,,,0,,,0,0,0,0,F1,2020-08-03,2026-05-27
LMC Insurance & Risk Management Inc.,Broker,US,44743637.0,,46.0,,,,,,,,,,,,,,,,,,,,,,,,0,,,0,0,0,0,F1,2020-08-03,2026-05-27
Lawley Insurance,Broker,US,52580471.0,,36.0,,,,,,,,,,,,,,,,,,,,,,,,0,,,0,0,0,0,F1,2020-08-03,2026-05-27
Leavitt Group,Broker,US,209445078.0,,12.0,,,,,,,,,,,,,,,,,,,,,,,,0,,,0,0,0,0,F1,2020-08-03,2026-05-27
Liberty Mutual,Carrier,US,32268379000.0,0.014,5.0,101.7,$39.8B,0.018,Named,Drive more adoption of Analytics,3.0,Nikhil,Kuldeep,Yes,Yes,Medium,,,,CTS,,David H. Long,Christopher Pierce,,,,James McGlennon,,4,455.0,"Cognizant (2 eng, 300 FTEs); Genpact (1 eng, ? FTEs)",7,0,0,0,F1,"2020-08-03,2021-02-21,2024-06-01",2026-05-27
Lipscomb & Pitts Insurance,Broker,US,19505319.0,,99.0,,,,,,,,,,,,,,,,,,,,,,,,0,,,0,0,0,0,F1,2020-08-03,2026-05-27
Lockton Companies,Broker,US,1155316000.0,,2.0,,,,,,,,,,,,,,,,,,,,,,,,0,,,0,0,0,0,F1,2020-08-03,2026-05-27
Loya Ins Group,Carrier,US,611738000.0,0.064,117.0,,,,,,,,,,,,,,,,,,,,,,,,0,,,0,0,0,0,F1,2020-08-03,2026-05-27
M&T Insurance Agency Inc.,Broker,US,30500000.0,,68.0,,,,,,,,,,,,,,,,,,,,,,,,0,,,0,0,0,0,F1,2020-08-03,2026-05-27
MAPFRE,Carrier,US,1863845000.0,-0.162,51.0,97.6,"$6,398.6M",0.031,Named,Acceleration of ramps / Deacceleration of ramp downs,28.0,Mohit,Mohit,Yes,,,,,,WNS,,Alexis Sanchez Geigel,Francois Facon,Dana Whiteley,Christopher Matherly,Scott Hammond,Gregg Nickerson,,5,150.0,,5,0,0,0,F1,"2020-08-03,2024-06-01",2026-05-27
MJ Insurance Inc.,Broker,US,18803908.0,,100.0,,,,,,,,,,,,,,,,,,,,,,,,0,,,0,0,0,0,F1,2020-08-03,2026-05-27
Markel Corp Group,Carrier,US,3809277000.0,0.216,36.0,,,,,,,,,,,,,,,,,,,,,,,,0,,,0,0,0,0,F1,2020-08-03,2026-05-27
Marsh,Broker,US,65202584.0,,32.0,,,0.04,Named,Accelerate decision making in existing new pursuits,19.0,Mohit,Wayne Reed,,,,,,,,,,,,,,,,1,,"WNS (2 eng, ? FTEs)",2,0,0,0,F1,"2020-08-03,2021-02-21",2026-05-27
Mercury Gen Group,Carrier,US,3690508000.0,0.067,34.0,,,,,,,,,,,,,,,,,,,,,,,,0,,,0,0,0,0,F1,2020-08-03,2026-05-27
MetLife,Carrier,US,3797476000.0,0.02,31.0,,,,,,,,,,Yes,,,,,,,,,,,,,,0,,,0,0,0,0,F1,2020-08-03,2026-05-27
Michigan Farm Bureau PC Companies,Carrier,US,803206000.0,0.066,98.0,,,,,,,,,,,,,,,,,,,,,,,,0,,,0,0,0,0,F1,2020-08-03,2026-05-27
Moreton & Company,Broker,US,28983000.0,,73.0,,,,,,,,,,,,,,,,,,,,,,,,0,,,0,0,0,0,F1,2020-08-03,2026-05-27
Mortgage Guar Group,Carrier,US,1001148000.0,0.006,79.0,,,,,,,,,,,,,,,,,,,,,,,,0,,,0,0,0,0,F1,2020-08-03,2026-05-27
Munich Re,Named,US,,,,1.01,"$60,433M",0.02,Named,Drive more adoption of Analytics,26.0,Mohit,Mohit,Yes,,,,,,"Wipro,Capgemini","Sep, 2022 (with Wipro) and 23rd July 2020 with Capgemini",Dave Brune,Oliver J. Horbelt/Angela Homm,Catherine Smith,JannaLyn Allen,Anita Kuchma,Phil Roeper,,0,,,0,0,0,0,F1,2020-08-03,2026-05-27
Munich-Amer Hldg Corp Cos,Carrier,US,6639450000.0,-0.025,18.0,101.0,,,Named,,,Mohit,Mohit,Yes,,,,,,"Wipro,Capgemini","Sep, 2022 (with Wipro) and 23rd July 2020 with Capgemini",Dave Brune,Oliver J. Horbelt/Angela Homm,Catherine Smith,JannaLyn Allen,Anita Kuchma,Phil Roeper,,0,,,0,0,0,0,F1,2020-08-03,2026-05-27
Murray Securus,Broker,US,20429000.0,,97.0,,,,,,,,,,,,,,,,,,,,,,,,0,,,0,0,0,0,F1,2020-08-03,2026-05-27
NC Farm Bureau Ins Group,Carrier,US,927856000.0,0.05,86.0,,,,,,,,,,,,,,,,,,,,,,,,0,,,0,0,0,0,F1,2020-08-03,2026-05-27
NFP,Broker,US,338500000.0,,10.0,,,,,,,,,,,,,,,,,,,,,,,,0,,,0,0,0,0,F1,2020-08-03,2026-05-27
NJM Ins Group,Carrier,US,2006683000.0,0.016,52.0,,,,,,,,,,,,,,,,,,,,,,,,0,,,0,0,0,0,F1,2020-08-03,2026-05-27
NYCM Ins Group,Carrier,US,603934000.0,0.057,118.0,,,,,,,,,,,,,,,,,,,,,,,,0,,,0,0,0,0,F1,2020-08-03,2026-05-27
Nationwide,Carrier,US,17992806000.0,-0.008,9.0,94.0,$49.3B,0.025,Named,Accelerate decision making in existing new pursuits,14.0,Mohit,Mohit,Yes,,,,,,"CTS, Genpact","Mid 2021, 2022",Kirt Walker,Mark Thresher,Klaus Diem,Sandra Rich,Mark Berven,James Fowler,,4,200.0,"Cognizant (2 eng, 200 FTEs)",6,0,0,0,F1,"2020-08-03,2021-02-21,2024-06-01",2026-05-27
Natl Gen Companies,Carrier,US,2494927000.0,0.113,50.0,,,,,,,,,,Yes,,,,,,,,,,,,,,0,,,0,0,0,0,F1,2020-08-03,2026-05-27
Old Republic Ins Group,Carrier,US,2670167000.0,-0.01,39.0,,,,,,,,,,,,,,,,,,,,,,,,0,,,0,0,0,0,F1,2020-08-03,2026-05-27
PCF Insurance Services LLC,Broker,US,34000000.0,,61.0,,,,,,,,,,,,,,,,,,,,,,,,0,,,0,0,0,0,F1,2020-08-03,2026-05-27
Palisades Group,Carrier,US,840768000.0,0.066,93.0,,,,,,,,,,,,,,,,,,,,,,,,0,,,0,0,0,0,F1,2020-08-03,2026-05-27
"Parker, Smith & Feek Inc.",Broker,US,43744167.0,,47.0,,,,,,,,,,,,,,,,,,,,,,,,0,,,0,0,0,0,F1,2020-08-03,2026-05-27
PartnerRe US Group,Carrier,US,2142127000.0,0.356,57.0,,,,,,,,,,,,,,,,,,,,,,,,0,,,0,0,0,0,F1,2020-08-03,2026-05-27
PayneWest Insurance Inc.,Broker,US,115909533.0,,17.0,,,,,,,,,,,,,,,,,,,,,,,,0,,,0,0,0,0,F1,2020-08-03,2026-05-27
Pekin Ins Group,Carrier,US,591388000.0,-0.0139999999999999,114.0,,,,,,,,,,,,,,,,,,,,,,,,0,,,0,0,0,0,F1,2020-08-03,2026-05-27
Penn Natl Ins Cos,Carrier,US,749617000.0,0.021,101.0,,,,,,,,,,,,,,,,,,,,,,,,0,,,0,0,0,0,F1,2020-08-03,2026-05-27
People’s United Insurance Agency Inc.,Broker,US,32196000.0,,63.0,,,,,,,,,,,,,,,,,,,,,,,,0,,,0,0,0,0,F1,2020-08-03,2026-05-27
Pinnacol Assur,Carrier,US,597049000.0,-0.054,110.0,,,,,,,,,,,,,,,,,,,,,,,,0,,,0,0,0,0,F1,2020-08-03,2026-05-27
Plymouth Rock Cos,Carrier,US,544587000.0,-0.0139999999999999,116.0,,,,,,,,,,,,,,,,,,,,,,,,0,,,0,0,0,0,F1,2020-08-03,2026-05-27
Premier Group Insurance,Broker,US,38151357.0,,55.0,,,,,,,,,,,,,,,,,,,,,,,,0,,,0,0,0,0,F1,2020-08-03,2026-05-27
Prime Risk Partners Inc.,Broker,US,86103868.0,,25.0,,,,,,,,,,,,,,,,,,,,,,,,0,,,0,0,0,0,F1,2020-08-03,2026-05-27
ProAssurance Group,Carrier,US,679060000.0,0.011,1116.0,,,,,,,,,,,,,,,,,,,,,,,,0,,,0,0,0,0,F1,2020-08-03,2026-05-27
ProSight Specialty Group,Carrier,US,850789000.0,0.006,88.0,,,,,,,,,,,,,,,,,,,,,,,,0,,,0,0,0,0,F1,2020-08-03,2026-05-27
Professional Insurance Associates,Broker,US,52000000.0,,38.0,,,,,,,,,,,,,,,,,,,,,,,,0,,,0,0,0,0,F1,2020-08-03,2026-05-27
Progressive,Carrier,US,37578689000.0,0.152,3.0,,,,,,,,,,Yes,,,,,,,,,,,,,,1,,"TCS (1 eng, ? FTEs)",1,0,0,0,F1,"2020-08-03,2021-02-21",2026-05-27
Propel Insurance,Broker,US,77200000.0,,29.0,,,,,,,,,,,,,,,,,,,,,,,,0,,,0,0,0,0,F1,2020-08-03,2026-05-27
QBE,,Australia,,,,90,3920 ($m),0.03,Strategic,Drive Solutions across existing and new clients that leverages our combined strengths,1.0,Vilas,Vilas,,,,,,,,,,,,,,,,1,,"WNS (1 eng, ? FTEs)",1,0,0,0,F1,"2020-08-03,2021-02-21",2026-05-27
QBE North America Ins Group,Carrier,US,2937088000.0,0.048,38.0,,,,,,,,,Yes,Yes,,,,,,,,,,,,,,0,,,0,0,0,0,F1,2020-08-03,2026-05-27
R&R Insurance Services,Broker,US,26165525.0,,79.0,,,,,,,,,,,,,,,,,,,,,,,,0,,,0,0,0,0,F1,2020-08-03,2026-05-27
RLI Group,Carrier,US,880337000.0,0.045,90.0,,,,,,,,,,,,,,,,,,,,,,,,0,,,0,0,0,0,F1,2020-08-03,2026-05-27
Radian Group,Carrier,US,1057681000.0,0.067,81.0,,,,,,,,,,,,,,,,,,,,,,,,0,,,0,0,0,0,F1,2020-08-03,2026-05-27
Relation Insurance Inc.,Broker,US,50330000.0,,40.0,,,,,,,,,,,,,,,,,,,,,,,,0,,,0,0,0,0,F1,2020-08-03,2026-05-27
RenaissanceRe US Group,Carrier,US,533875000.0,-0.2789999999999999,100.0,,,,,,,,,,,,,,,,,,,,,,,,0,,,0,0,0,0,F1,2020-08-03,2026-05-27
Rich & Cartmill Inc.,Broker,US,34827303.0,,59.0,,,,,,,,,,,,,,,,,,,,,,,,0,,,0,0,0,0,F1,2020-08-03,2026-05-27
Risk Strategies,Broker,US,290649571.0,,11.0,,,,,,,,,,,,,,,,,,,,,,,,0,,,0,0,0,0,F1,2020-08-03,2026-05-27
Robertson Ryan & Associates,Broker,US,35425000.0,,58.0,,,,,,,,,,,,,,,,,,,,,,,,0,,,0,0,0,0,F1,2020-08-03,2026-05-27
Rogers & Gray Insurance,Broker,US,25935009.0,,80.0,,,,,,,,,,,,,,,,,,,,,,,,0,,,0,0,0,0,F1,2020-08-03,2026-05-27
Rose & Kiernan Inc.,Broker,US,38283740.0,,54.0,,,,,,,,,,,,,,,,,,,,,,,,0,,,0,0,0,0,F1,2020-08-03,2026-05-27
SAIF Corp,Carrier,US,508621000.0,-0.021,120.0,,,,,,,,,,,,,,,,,,,,,,,,0,,,0,0,0,0,F1,2020-08-03,2026-05-27
SCOR US Group,Carrier,US,1848964000.0,0.289,62.0,,,,,,,,,,,,,,,,,,,,,,,,0,,,0,0,0,0,F1,2020-08-03,2026-05-27
Safety Group,Carrier,US,794408000.0,0.01,94.0,,,,,,,,,,,,,,,,,,,,,,,,0,,,0,0,0,0,F1,2020-08-03,2026-05-27
Scott Insurance (James A. Scott and Son Inc.),Broker,US,43579000.0,,48.0,,,,,,,,,,,,,,,,,,,,,,,,0,,,0,0,0,0,F1,2020-08-03,2026-05-27
Secura Ins Cos,Carrier,US,669032000.0,0.075,111.0,,,,,,,,,,,,,,,,,,,,,,,,0,,,0,0,0,0,F1,2020-08-03,2026-05-27
Selective Ins Group,Carrier,US,2679424000.0,0.066,41.0,,,,,,,,,,,,,,,,,,,,,,,,0,,,0,0,0,0,F1,2020-08-03,2026-05-27
Sentry Ins Group,Carrier,US,2440418000.0,0.067,47.0,,,,,,,,,,,,,,,,,,,,,,,,0,,,0,0,0,0,F1,2020-08-03,2026-05-27
Shelter Ins cos,Carrier,US,1907802000.0,0.0409999999999999,56.0,,,,,,,,,,,,,,,,,,,,,,,,0,,,0,0,0,0,F1,2020-08-03,2026-05-27
Shepherd Insurance,Broker,US,47488559.0,,43.0,,,,,,,,,,,,,,,,,,,,,,,,0,,,0,0,0,0,F1,2020-08-03,2026-05-27
Sihle Insurance Group Inc.,Broker,US,24702538.0,,84.0,,,,,,,,,,,,,,,,,,,,,,,,0,,,0,0,0,0,F1,2020-08-03,2026-05-27
Sompo Hldgs US Group,Carrier,US,2264197000.0,-0.019,46.0,,,,,,,,,,,,,,,,,,,,,,,,0,,,0,0,0,0,F1,2020-08-03,2026-05-27
Southern Farm Bureau Cas Group,Carrier,US,1509107000.0,0.013,59.0,,,,,,,,,,,,,,,,,,,,,,,,0,,,0,0,0,0,F1,2020-08-03,2026-05-27
Starkweather & Shepley Insurance Brokerage Inc.,Broker,US,52145900.0,,37.0,,,,,,,,,,,,,,,,,,,,,,,,0,,,0,0,0,0,F1,2020-08-03,2026-05-27
State Auto Ins Cos,Carrier,US,2027918000.0,0.089,54.0,,,,,,,,,,,,,,,,,,,,,,,,0,,,0,0,0,0,F1,2020-08-03,2026-05-27
State Compensation Ins Fund,Carrier,US,1191289000.0,-0.1009999999999999,88.0,,,,,,,,,,,,,,,,,,,,,,,,0,,,0,0,0,0,F1,2020-08-03,2026-05-27
State Farm,Carrier,US,65100455000.0,-0.006,1.0,98.7,"$42,137M",0.0,Named,Acceleration of ramps / Deacceleration of ramp downs,27.0,Mohit,Mohit,Yes,,,,,,Wipro,,Bruce Hull,Connie Storey,Cathy Wallace,Terrence Ludwig,Cleo Villaflores,Ashley Pettit,,1,,"TCS (1 eng, ? FTEs)",1,0,0,0,F1,"2020-08-03,2021-02-21",2026-05-27
State Ins Fund WC Fund,Carrier,US,1996372000.0,-0.115,49.0,,,,,,,,,,,,,,,,,,,,,,,,0,,,0,0,0,0,F1,2020-08-03,2026-05-27
Sterling Seacrest Partners Inc.,Broker,US,30036254.0,,69.0,,,,,,,,,,,,,,,,,,,,,,,,0,,,0,0,0,0,F1,2020-08-03,2026-05-27
SullivanCurtisMonroe Insurance Services LLC,Broker,US,24971000.0,,83.0,,,,,,,,,,,,,,,,,,,,,,,,0,,,0,0,0,0,F1,2020-08-03,2026-05-27
Suncorp,Strategic,Australia,,,,0.96,8119 ($m),0.015,Strategic,Accelerate decision making in existing new pursuits,10.0,Vilas,Vilas,Yes,,,,,,"WNS, Genpact, Cognizant",2020-12-26 00:00:00,Steve Johnston ,Jeremy Robson,Fiona Thompson,,Paul Smeaton (Insurance),Adam Bennett ,,1,,"WNS (1 eng, ? FTEs)",1,0,0,0,F1,"2020-08-03,2021-02-21",2026-05-27
Sunstar Insurance Group,Broker,US,45000000.0,,45.0,,,,,,,,,,,,,,,,,,,,,,,,0,,,0,0,0,0,F1,2020-08-03,2026-05-27
Swingle Collins & Associates,Broker,US,21916804.0,,93.0,,,,,,,,,,,,,,,,,,,,,,,,0,,,0,0,0,0,F1,2020-08-03,2026-05-27
Swiss Re,Carrier,US,2023929000.0,-0.722,15.0,107.0,"$42,228M",0.029,Named,Drive Solutions across existing and new clients that leverages our combined strengths,13.0,Mohit,Mohit,Yes,Yes,,,,,"CSC, Genpact, TCS","2021 (They have multiple BPO, automation and analytics partner)",J.Eric Smith,Brian Rosenblum,Stefanie Stratos,Thomas Hyatte,Rich Agar,Prashanthi Roy /Pravina Ladva,,1,350.0,"Genpact (2 eng, 350 FTEs)",2,0,0,0,F1,"2020-08-03,2021-02-21",2026-05-27
TIS Insurance Sevices Inc.,Broker,US,29616846.0,,71.0,,,,,,,,,,,,,,,,,,,,,,,,0,,,0,0,0,0,F1,2020-08-03,2026-05-27
TN Farmers Ins Cos,Carrier,US,1413657000.0,0.032,64.0,,,,,,,,,,,,,,,,,,,,,,,,0,,,0,0,0,0,F1,2020-08-03,2026-05-27
TRICOR,Broker,US,28584000.0,,75.0,,,,,,,,,,,,,,,,,,,,,,,,0,,,0,0,0,0,F1,2020-08-03,2026-05-27
TWFG Insurance Services,Broker,US,80117709.0,,27.0,,,,,,,,,,,,,,,,,,,,,,,,0,,,0,0,0,0,F1,2020-08-03,2026-05-27
TX Mutual Ins Co,Carrier,US,1107238000.0,-0.035,72.0,,,,,,,,,,,,,,,,,,,,,,,,0,,,0,0,0,0,F1,2020-08-03,2026-05-27
Texas Farm Bureau Group,Carrier,US,1254578000.0,0.039,69.0,,,,,,,,,,,,,,,,,,,,,,,,0,,,0,0,0,0,F1,2020-08-03,2026-05-27
The Buckner Company Inc.,Broker,US,27057580.0,,78.0,,,,,,,,,,,,,,,,,,,,,,,,0,,,0,0,0,0,F1,2020-08-03,2026-05-27
The Daniel and Henry Company,Broker,US,21097000.0,,95.0,,,,,,,,,,,,,,,,,,,,,,,,0,,,0,0,0,0,F1,2020-08-03,2026-05-27
The Horton Group Inc.,Broker,US,49891215.0,,41.0,,,,,,,,,,,,,,,,,,,,,,,,0,,,0,0,0,0,F1,2020-08-03,2026-05-27
The Mahoney Group,Broker,US,38329667.0,,53.0,,,,,,,,,,,,,,,,,,,,,,,,0,,,0,0,0,0,F1,2020-08-03,2026-05-27
Tokio Marina US PC Group,Carrier,US,7083699000.0,0.052,19.0,,,,,,,,,,Yes,,,,,,,,,,,,,,0,,,0,0,0,0,F1,2020-08-03,2026-05-27
Tompkins Insurance Agencies Inc.,Broker,US,24066983.0,,87.0,,,,,,,,,,,,,,,,,,,,,,,,0,,,0,0,0,0,F1,2020-08-03,2026-05-27
Towne Insurance,Broker,US,54827671.0,,35.0,,,,,,,,,,,,,,,,,,,,,,,,0,,,0,0,0,0,F1,2020-08-03,2026-05-27
Travelers Group,Carrier,US,27214083000.0,0.055,6.0,96.5,$29B,0.05,Named,Acceleration of ramps / Deacceleration of ramp downs,21.0,Sean,Sean,Yes,,,,,,"CTS, WNS, Genpact",2021,Alan Schnitzer,Dan Frey,Bruce Jones,Nicolas Seminara,Mojgan Lefebvre,Mojgan Lefebvre,Rick Schug,3,1210.0,"Cognizant (5 eng, 1000 FTEs, renewal < 6 Months); Genpact (3 eng, 210 FTEs); WNS (1 eng, ? FTEs)",9,14,13,11,F1,"2020-08-03,2021-02-21",2026-05-27
TrueNorth,Broker,US,60652000.0,,34.0,,,,,,,,,,,,,,,,,,,,,,,,0,,,0,0,0,0,F1,2020-08-03,2026-05-27
Turner Surety & Insurance Brokerage (TSIB),Broker,US,28453000.0,,76.0,,,,,,,,,,,,,,,,,,,,,,,,0,,,0,0,0,0,F1,2020-08-03,2026-05-27
USAA,Carrier,US,22981339000.0,0.069,7.0,82.8,$20B,,Named,Acceleration of ramps / Deacceleration of ramp downs,24.0,Sean,Sean,Yes,Yes,,,,,TCS,,Wayne Peacock,Laura Bishop,Torben Ostergaard,Sean Burgess,,Michael Brady,,0,,,0,0,0,0,F1,2020-08-03,2026-05-27
USI Insurance Services,Broker,US,1087549902.0,,3.0,,,,,,,,,,,,,,,,,,,,,,,,0,,,0,0,0,0,F1,2020-08-03,2026-05-27
UniVista Insurance,Broker,US,68534738.0,,31.0,,,,,,,,,,,,,,,,,,,,,,,,0,,,0,0,0,0,F1,2020-08-03,2026-05-27
United Farm Bureau of Indiana Group,Carrier,US,625095000.0,0.037,113.0,,,,,,,,,,,,,,,,,,,,,,,,0,,,0,0,0,0,F1,2020-08-03,2026-05-27
United Fire & Cas Group,Carrier,US,1096730000.0,0.033,76.0,,,,,,,,,,,,,,,,,,,,,,,,0,,,0,0,0,0,F1,2020-08-03,2026-05-27
United Ins Group,Carrier,US,706827000.0,0.026,104.0,,,,,,,,,,,,,,,,,,,,,,,,0,,,0,0,0,0,F1,2020-08-03,2026-05-27
Universal Ins Hldgs Group,Carrier,US,869845000.0,0.051,88.0,,,,,,,,,,,,,,,,,,,,,,,,0,,,0,0,0,0,F1,2020-08-03,2026-05-27
Utica Natl Ins Group,Carrier,US,1131097000.0,0.088,78.0,,,,,,,,,,,,,,,,,,,,,,,,0,,,0,0,0,0,F1,2020-08-03,2026-05-27
W. R. Berkley Ins Group,Carrier,US,6131338000.0,0.071,21.0,,,,,,,,,,,,,,,,,,,,,,,,0,,,0,0,0,0,F1,2020-08-03,2026-05-27
Wawanesa Gen Ins Co,Carrier,US,548776000.0,0.088,122.0,,,,,,,,,,,,,,,,,,,,,,,,0,,,0,0,0,0,F1,2020-08-03,2026-05-27
West Bend Mutual Ins Co,Carrier,US,1275968000.0,0.091,71.0,,,,,,,,,,,,,,,,,,,,,,,,0,,,0,0,0,0,F1,2020-08-03,2026-05-27
Western Natl Ins Group,Carrier,US,733092000.0,0.096,107.0,,,,,,,,,,,,,,,,,,,,,,,,0,,,0,0,0,0,F1,2020-08-03,2026-05-27
Westfield Group,Carrier,US,1803649000.0,-0.017,55.0,,,,,,,,,,,,,,,,,,,,,,,,0,,,0,0,0,0,F1,2020-08-03,2026-05-27
Westwood Insurance Agency,Broker,US,75791523.0,,30.0,,,,,,,,,,,,,,,,,,,,,,,,0,,,0,0,0,0,F1,2020-08-03,2026-05-27
Wood Gutmann & Bogart Insurance Brokers,Broker,US,28973093.0,,74.0,,,,,,,,,,,,,,,,,,,,,,,,0,,,0,0,0,0,F1,2020-08-03,2026-05-27
Woodruff Sawyer,Broker,US,114100000.0,,18.0,,,,,,,,,,,,,,,,,,,,,,,,0,,,0,0,0,0,F1,2020-08-03,2026-05-27
World Insurance Associates LLC,Broker,US,28380664.0,,77.0,,,,,,,,,,,,,,,,,,,,,,,,0,,,0,0,0,0,F1,2020-08-03,2026-05-27
Zurich,Carrier,US,3657532000.0,-0.067,29.0,96.4,$34.1B,0.061,Strategic,Drive more adoption of Analytics,4.0,Roopak,Raish Malik,Yes,Yes,Medium,,,,"CTS, Genpact, Mphasis,Hinduja",2022-01-01 00:00:00,Kathleen Savio,Peter Hirs,Colleen Zitt,Paul Lavelle,Anurag Batta,Mark Knipfer,Brandin Fick,4,170.0,"Cognizant (2 eng, 100 FTEs)",6,0,0,0,F1,"2020-08-03,2021-02-21,2024-06-01",2026-05-27
