source_file,source_sheet,source_row,status,reason
F1,Top Insurers and Brokers,1,header,row in header rows 1-6
F1,Top Insurers and Brokers,2,header,row in header rows 1-6
F1,Top Insurers and Brokers,3,header,row in header rows 1-6
F1,Top Insurers and Brokers,4,header,row in header rows 1-6
F1,Top Insurers and Brokers,5,header,row in header rows 1-6
F1,Top Insurers and Brokers,6,header,row in header rows 1-6
F1,Top Insurers and Brokers,7,ingested,
F1,Top Insurers and Brokers,8,ingested,
F1,Top Insurers and Brokers,9,ingested,
F1,Top Insurers and Brokers,10,ingested,
F1,Top Insurers and Brokers,11,ingested,
F1,Top Insurers and Brokers,12,ingested,
F1,Top Insurers and Brokers,13,ingested,
F1,Top Insurers and Brokers,14,ingested,
F1,Top Insurers and Brokers,15,ingested,
F1,Top Insurers and Brokers,16,ingested,
F1,Top Insurers and Brokers,17,ingested,
F1,Top Insurers and Brokers,18,ingested,
F1,Top Insurers and Brokers,19,ingested,
F1,Top Insurers and Brokers,20,ingested,
F1,Top Insurers and Brokers,21,ingested,
F1,Top Insurers and Brokers,22,ingested,
F1,Top Insurers and Brokers,23,ingested,
F1,Top Insurers and Brokers,24,ingested,
F1,Top Insurers and Brokers,25,ingested,
F1,Top Insurers and Brokers,26,ingested,
F1,Top Insurers and Brokers,27,ingested,
F1,Top Insurers and Brokers,28,ingested,
F1,Top Insurers and Brokers,29,ingested,
F1,Top Insurers and Brokers,30,ingested,
F1,Top Insurers and Brokers,31,ingested,
F1,Top Insurers and Brokers,32,ingested,
F1,Top Insurers and Brokers,33,ingested,
F1,Top Insurers and Brokers,34,ingested,
F1,Top Insurers and Brokers,35,ingested,
F1,Top Insurers and Brokers,36,ingested,
F1,Top Insurers and Brokers,37,ingested,
F1,Top Insurers and Brokers,38,ingested,
F1,Top Insurers and Brokers,39,ingested,
F1,Top Insurers and Brokers,40,ingested,
F1,Top Insurers and Brokers,41,ingested,
F1,Top Insurers and Brokers,42,ingested,
F1,Top Insurers and Brokers,43,ingested,
F1,Top Insurers and Brokers,44,ingested,
F1,Top Insurers and Brokers,45,ingested,
F1,Top Insurers and Brokers,46,ingested,
F1,Top Insurers and Brokers,47,ingested,
F1,Top Insurers and Brokers,48,ingested,
F1,Top Insurers and Brokers,49,ingested,
F1,Top Insurers and Brokers,50,ingested,
F1,Top Insurers and Brokers,51,ingested,
F1,Top Insurers and Brokers,52,ingested,
F1,Top Insurers and Brokers,53,ingested,
F1,Top Insurers and Brokers,54,ingested,
F1,Top Insurers and Brokers,55,ingested,
F1,Top Insurers and Brokers,56,ingested,
F1,Top Insurers and Brokers,57,ingested,
F1,Top Insurers and Brokers,58,ingested,
F1,Top Insurers and Brokers,59,ingested,
F1,Top Insurers and Brokers,60,ingested,
F1,Top Insurers and Brokers,61,ingested,
F1,Top Insurers and Brokers,62,ingested,
F1,Top Insurers and Brokers,63,ingested,
F1,Top Insurers and Brokers,64,ingested,
F1,Top Insurers and Brokers,65,ingested,
F1,Top Insurers and Brokers,66,ingested,
F1,Top Insurers and Brokers,67,ingested,
F1,Top Insurers and Brokers,68,ingested,
F1,Top Insurers and Brokers,69,ingested,
F1,Top Insurers and Brokers,70,ingested,
F1,Top Insurers and Brokers,71,ingested,
F1,Top Insurers and Brokers,72,ingested,
F1,Top Insurers and Brokers,73,ingested,
F1,Top Insurers and Brokers,74,ingested,
F1,Top Insurers and Brokers,75,ingested,
F1,Top Insurers and Brokers,76,ingested,
F1,Top Insurers and Brokers,77,ingested,
F1,Top Insurers and Brokers,78,ingested,
F1,Top Insurers and Brokers,79,ingested,
F1,Top Insurers and Brokers,80,ingested,
F1,Top Insurers and Brokers,81,ingested,
F1,Top Insurers and Brokers,82,ingested,
F1,Top Insurers and Brokers,83,ingested,
F1,Top Insurers and Brokers,84,ingested,
F1,Top Insurers and Brokers,85,ingested,
F1,Top Insurers and Brokers,86,ingested,
F1,Top Insurers and Brokers,87,ingested,
F1,Top Insurers and Brokers,88,ingested,
F1,Top Insurers and Brokers,89,ingested,
F1,Top Insurers and Brokers,90,ingested,
F1,Top Insurers and Brokers,91,ingested,
F1,Top Insurers and Brokers,92,ingested,
F1,Top Insurers and Brokers,93,ingested,
F1,Top Insurers and Brokers,94,ingested,
F1,Top Insurers and Brokers,95,ingested,
F1,Top Insurers and Brokers,96,ingested,
F1,Top Insurers and Brokers,97,ingested,
F1,Top Insurers and Brokers,98,ingested,
F1,Top Insurers and Brokers,99,ingested,
F1,Top Insurers and Brokers,100,ingested,
F1,Top Insurers and Brokers,101,ingested,
F1,Top Insurers and Brokers,102,ingested,
F1,Top Insurers and Brokers,103,ingested,
F1,Top Insurers and Brokers,104,ingested,
F1,Top Insurers and Brokers,105,ingested,
F1,Top Insurers and Brokers,106,ingested,
F1,Top Insurers and Brokers,107,ingested,
F1,Top Insurers and Brokers,108,ingested,
F1,Top Insurers and Brokers,109,ingested,
F1,Top Insurers and Brokers,110,ingested,
F1,Top Insurers and Brokers,111,ingested,
F1,Top Insurers and Brokers,112,ingested,
F1,Top Insurers and Brokers,113,ingested,
F1,Top Insurers and Brokers,114,ingested,
F1,Top Insurers and Brokers,115,ingested,
F1,Top Insurers and Brokers,116,ingested,
F1,Top Insurers and Brokers,117,ingested,
F1,Top Insurers and Brokers,118,ingested,
F1,Top Insurers and Brokers,119,ingested,
F1,Top Insurers and Brokers,120,ingested,
F1,Top Insurers and Brokers,121,ingested,
F1,Top Insurers and Brokers,122,ingested,
F1,Top Insurers and Brokers,123,ingested,
F1,Top Insurers and Brokers,124,ingested,
F1,Top Insurers and Brokers,125,ingested,
F1,Top Insurers and Brokers,126,ingested,
F1,Top Insurers and Brokers,127,ingested,
F1,Top Insurers and Brokers,128,ingested,
F1,Top Insurers and Brokers,129,ingested,
F1,Top Insurers and Brokers,130,ingested,
F1,Top Insurers and Brokers,131,ingested,
F1,Top Insurers and Brokers,132,ingested,
F1,Top Insurers and Brokers,133,ingested,
F1,Top Insurers and Brokers,134,ingested,
F1,Top Insurers and Brokers,135,ingested,
F1,Top Insurers and Brokers,136,ingested,
F1,Top Insurers and Brokers,137,ingested,
F1,Top Insurers and Brokers,138,ingested,
F1,Top Insurers and Brokers,139,ingested,
F1,Top Insurers and Brokers,140,ingested,
F1,Top Insurers and Brokers,141,ingested,
F1,Top Insurers and Brokers,142,ingested,
F1,Top Insurers and Brokers,143,ingested,
F1,Top Insurers and Brokers,144,ingested,
F1,Top Insurers and Brokers,145,ingested,
F1,Top Insurers and Brokers,146,ingested,
F1,Top Insurers and Brokers,147,ingested,
F1,Top Insurers and Brokers,148,ingested,
F1,Top Insurers and Brokers,149,ingested,
F1,Top Insurers and Brokers,150,ingested,
F1,Top Insurers and Brokers,151,ingested,
F1,Top Insurers and Brokers,152,ingested,
F1,Top Insurers and Brokers,153,ingested,
F1,Top Insurers and Brokers,154,ingested,
F1,Top Insurers and Brokers,155,ingested,
F1,Top Insurers and Brokers,156,ingested,
F1,Top Insurers and Brokers,157,ingested,
F1,Top Insurers and Brokers,158,ingested,
F1,Top Insurers and Brokers,159,ingested,
F1,Top Insurers and Brokers,160,ingested,
F1,Top Insurers and Brokers,161,ingested,
F1,Top Insurers and Brokers,162,ingested,
F1,Top Insurers and Brokers,163,ingested,
F1,Top Insurers and Brokers,164,ingested,
F1,Top Insurers and Brokers,165,ingested,
F1,Top Insurers and Brokers,166,ingested,
F1,Top Insurers and Brokers,167,ingested,
F1,Top Insurers and Brokers,168,ingested,
F1,Top Insurers and Brokers,169,ingested,
F1,Top Insurers and Brokers,170,ingested,
F1,Top Insurers and Brokers,171,ingested,
F1,Top Insurers and Brokers,172,ingested,
F1,Top Insurers and Brokers,173,ingested,
F1,Top Insurers and Brokers,174,ingested,
F1,Top Insurers and Brokers,175,ingested,
F1,Top Insurers and Brokers,176,ingested,
F1,Top Insurers and Brokers,177,ingested,
F1,Top Insurers and Brokers,178,ingested,
F1,Top Insurers and Brokers,179,ingested,
F1,Top Insurers and Brokers,180,ingested,
F1,Top Insurers and Brokers,181,ingested,
F1,Top Insurers and Brokers,182,ingested,
F1,Top Insurers and Brokers,183,ingested,
F1,Top Insurers and Brokers,184,ingested,
F1,Top Insurers and Brokers,185,ingested,
F1,Top Insurers and Brokers,186,ingested,
F1,Top Insurers and Brokers,187,ingested,
F1,Top Insurers and Brokers,188,ingested,
F1,Top Insurers and Brokers,189,ingested,
F1,Top Insurers and Brokers,190,ingested,
F1,Top Insurers and Brokers,191,ingested,
F1,Top Insurers and Brokers,192,ingested,
F1,Top Insurers and Brokers,193,ingested,
F1,Top Insurers and Brokers,194,ingested,
F1,Top Insurers and Brokers,195,ingested,
F1,Top Insurers and Brokers,196,ingested,
F1,Top Insurers and Brokers,197,ingested,
F1,Top Insurers and Brokers,198,ingested,
F1,Top Insurers and Brokers,199,ingested,
F1,Top Insurers and Brokers,200,ingested,
F1,Top Insurers and Brokers,201,ingested,
F1,Top Insurers and Brokers,202,ingested,
F1,Top Insurers and Brokers,203,ingested,
F1,Top Insurers and Brokers,204,ingested,
F1,Top Insurers and Brokers,205,ingested,
F1,Top Insurers and Brokers,206,ingested,
F1,Top Insurers and Brokers,207,ingested,
F1,Top Insurers and Brokers,208,ingested,
F1,Top Insurers and Brokers,209,ingested,
F1,Top Insurers and Brokers,210,ingested,
F1,Top Insurers and Brokers,211,ingested,
F1,Top Insurers and Brokers,212,ingested,
F1,Top Insurers and Brokers,213,ingested,
F1,Top Insurers and Brokers,214,ingested,
F1,Top Insurers and Brokers,215,ingested,
F1,Top Insurers and Brokers,216,ingested,
F1,Top Insurers and Brokers,217,ingested,
F1,Top Insurers and Brokers,218,ingested,
F1,Top Insurers and Brokers,219,ingested,
F1,Top Insurers and Brokers,220,ingested,
F1,Top Insurers and Brokers,221,ingested,
F1,Top Insurers and Brokers,222,ingested,
F1,Top Insurers and Brokers,223,ingested,
F1,Top Insurers and Brokers,224,ingested,
F1,Top Insurers and Brokers,225,ingested,
F1,Top Insurers and Brokers,226,ingested,
F1,Top Insurers and Brokers,227,ingested,
F1,Top Insurers and Brokers,228,ingested,
F1,Top Insurers and Brokers,229,ingested,
F1,Top Insurers and Brokers,230,ingested,
F1,Top Insurers and Brokers,231,ingested,
F1,Sheet3,1,header,row in header rows 1-1
F1,Sheet3,2,ingested,
F1,Sheet3,3,ingested,
F1,Sheet3,4,ingested,
F1,Sheet3,5,ingested,
F1,Sheet3,6,ingested,
F1,Sheet3,7,ingested,
F1,Sheet3,8,ingested,
F1,Sheet3,9,ingested,
F1,Sheet3,10,ingested,
F1,Sheet3,11,ingested,
F1,Sheet3,12,ingested,
F1,Sheet3,13,ingested,
F1,Sheet3,14,ingested,
F1,Sheet3,15,ingested,
F1,Top Clients Shortlist,1,header,row in header rows 1-5
F1,Top Clients Shortlist,2,header,row in header rows 1-5
F1,Top Clients Shortlist,3,header,row in header rows 1-5
F1,Top Clients Shortlist,4,header,row in header rows 1-5
F1,Top Clients Shortlist,5,header,row in header rows 1-5
F1,Top Clients Shortlist,6,ingested,
F1,Top Clients Shortlist,7,ingested,
F1,Top Clients Shortlist,8,ingested,
F1,Top Clients Shortlist,9,ingested,
F1,Top Clients Shortlist,10,ingested,
F1,Top Clients Shortlist,11,ingested,
F1,Top Clients Shortlist,12,ingested,
F1,Top Clients Shortlist,13,ingested,
F1,Top Clients Shortlist,14,ingested,
F1,Top Clients Shortlist,15,ingested,
F1,Top Clients Shortlist,16,ingested,
F1,Top Clients Shortlist,17,ingested,
F1,Top Clients Shortlist,18,ingested,
F1,Top Clients Shortlist,19,ingested,
F1,Top Clients Shortlist,20,ingested,
F1,Top Clients Shortlist,21,ingested,
F1,Top Clients Shortlist,22,ingested,
F1,Top Clients Shortlist,23,ingested,
F1,Top Clients Shortlist,24,ingested,
F1,Top Clients Shortlist,25,ingested,
F1,Top Clients Shortlist,26,ingested,
F1,Top Clients Shortlist,27,ingested,
F1,Top Clients Shortlist,28,ingested,
F1,Top Clients Shortlist,29,ingested,
F1,Top Clients Shortlist,30,ingested,
F1,Top Clients Shortlist,31,ingested,
F1,Top Clients Shortlist,32,ingested,
F1,Top Clients Shortlist,33,ingested,
F1,Competitor Analysis,1,header,row in header rows 1-4
F1,Competitor Analysis,2,header,row in header rows 1-4
F1,Competitor Analysis,3,header,row in header rows 1-4
F1,Competitor Analysis,4,header,row in header rows 1-4
F1,Competitor Analysis,5,ingested,
F1,Competitor Analysis,6,ingested,
F1,Competitor Analysis,7,ingested,
F1,Competitor Analysis,8,ingested,
F1,Competitor Analysis,9,ingested,
F1,Competitor Analysis,10,ingested,
F1,Competitor Analysis,11,ingested,
F1,Competitor Analysis,12,ingested,
F1,Competitor Analysis,13,ingested,
F1,Competitor Analysis,14,ingested,
F1,Competitor Analysis,15,ingested,
F1,Competitor Analysis,16,ingested,
F1,Competitor Analysis,17,ingested,
F1,Competitor Analysis,18,ingested,
F1,Competitor Analysis,19,ingested,
F1,Competitor Analysis,20,ingested,
F1,Competitor Analysis,21,ingested,
F1,Competitor Analysis,22,ingested,
F1,Competitor Analysis,23,ingested,
F1,Competitor Analysis,24,ingested,
F1,Competitor Analysis,25,ingested,
F1,Competitor Analysis,26,ingested,
F1,Competitor Analysis,27,ingested,
F1,Competitor Analysis,28,ingested,
F1,Competitor Analysis,29,ingested,
F1,Competitor Analysis,30,ingested,
F1,Competitor Analysis,31,ingested,
F1,Competitor Analysis,32,ingested,
F1,Competitor Analysis,33,ingested,
F1,Competitor Analysis,34,ingested,
F1,Competitor Analysis,35,ingested,
F1,Competitor Analysis,36,ingested,
F1,Competitor Analysis,37,ingested,
F1,Competitor Analysis,38,ingested,
F1,Competitor Analysis,39,ingested,
F1,Competitor Analysis,40,ingested,
F1,Competitor Analysis,41,ingested,
F1,Competitor Analysis,42,ingested,
F1,Competitor Analysis,43,ingested,
F1,Competitor Analysis,44,ingested,
F1,Competitor Analysis,45,ingested,
F1,Competitor Analysis,46,ingested,
F1,Competitor Analysis,47,ingested,
F1,Competitor Analysis,48,ingested,
F1,Competitor Analysis,49,ingested,
F1,Competitor Analysis,50,ingested,
F1,Competitor Analysis,51,ingested,
F1,Competitor Analysis,52,ingested,
F1,Competitor Analysis,53,ingested,
F1,Competitor Analysis,54,ingested,
F1,Competitor Analysis,55,ingested,
F1,Competitor Analysis,56,ingested,
F1,Competitor Analysis,57,ingested,
F1,Competitor Analysis,58,ingested,
F1,Competitor Analysis,59,ingested,
F1,Competitor Analysis,60,ingested,
F1,Competitor Analysis,61,ingested,
F1,Competitor Analysis,62,ingested,
F1,Competitor Analysis,63,ingested,
F1,Competitor Analysis,64,ingested,
F1,Competitor Analysis,65,ingested,
F1,Competitor Analysis,66,ingested,
F1,Competitor Analysis,67,ingested,
F1,Competitor Analysis,68,ingested,
F1,Competitor Analysis,69,ingested,
F1,Competitor Analysis,70,ingested,
F1,Competitor Analysis,71,ingested,
F1,Competitor Analysis,72,ingested,
F1,Competitor Analysis,73,ingested,
F1,Competitor Analysis,74,ingested,
F1,Competitor Analysis,75,ingested,
F1,Competitor Analysis,76,ingested,
F5,Competitor Analysis,1,header,row in header rows 1-4
F5,Competitor Analysis,2,header,row in header rows 1-4
F5,Competitor Analysis,3,header,row in header rows 1-4
F5,Competitor Analysis,4,header,row in header rows 1-4
F5,Competitor Analysis,5,ingested,
F5,Competitor Analysis,6,ingested,
F5,Competitor Analysis,7,ingested,
F5,Competitor Analysis,8,ingested,
F5,Competitor Analysis,9,ingested,
F5,Competitor Analysis,10,ingested,
F5,Competitor Analysis,11,ingested,
F5,Competitor Analysis,12,ingested,
F5,Competitor Analysis,13,ingested,
F5,Competitor Analysis,14,ingested,
F5,Competitor Analysis,15,ingested,
F5,Competitor Analysis,16,ingested,
F5,Competitor Analysis,17,ingested,
F5,Competitor Analysis,18,ingested,
F5,Competitor Analysis,19,ingested,
F5,Competitor Analysis,20,ingested,
F5,Competitor Analysis,21,ingested,
F5,Competitor Analysis,22,ingested,
F5,Competitor Analysis,23,ingested,
F5,Competitor Analysis,24,ingested,
F5,Competitor Analysis,25,ingested,
F5,Competitor Analysis,26,ingested,
F5,Competitor Analysis,27,ingested,
F5,Competitor Analysis,28,ingested,
F5,Competitor Analysis,29,ingested,
F5,Competitor Analysis,30,ingested,
F5,Competitor Analysis,31,ingested,
F5,Competitor Analysis,32,ingested,
F5,Competitor Analysis,33,ingested,
F5,Competitor Analysis,34,ingested,
F5,Competitor Analysis,35,ingested,
F5,Competitor Analysis,36,ingested,
F5,Competitor Analysis,37,ingested,
F5,Competitor Analysis,38,ingested,
F5,Competitor Analysis,39,ingested,
F5,Competitor Analysis,40,ingested,
F5,Competitor Analysis,41,ingested,
F5,Competitor Analysis,42,ingested,
F5,Competitor Analysis,43,ingested,
F5,Competitor Analysis,44,ingested,
F5,Competitor Analysis,45,ingested,
F5,Competitor Analysis,46,ingested,
F5,Competitor Analysis,47,ingested,
F5,Competitor Analysis,48,ingested,
F5,Competitor Analysis,49,ingested,
F5,Competitor Analysis,50,ingested,
F5,Competitor Analysis,51,ingested,
F5,Competitor Analysis,52,ingested,
F5,Competitor Analysis,53,ingested,
F5,Competitor Analysis,54,ingested,
F5,Competitor Analysis,55,ingested,
F5,Competitor Analysis,56,ingested,
F5,Competitor Analysis,57,ingested,
F5,Competitor Analysis,58,ingested,
F5,Competitor Analysis,59,ingested,
F5,Competitor Analysis,60,ingested,
F5,Competitor Analysis,61,ingested,
F5,Competitor Analysis,62,ingested,
F5,Competitor Analysis,63,ingested,
F5,Competitor Analysis,64,ingested,
F5,Competitor Analysis,65,ingested,
F5,Competitor Analysis,66,ingested,
F5,Competitor Analysis,67,ingested,
F5,Competitor Analysis,68,ingested,
F5,Competitor Analysis,69,ingested,
F5,Competitor Analysis,70,ingested,
F5,Competitor Analysis,71,ingested,
F5,Competitor Analysis,72,ingested,
F5,Competitor Analysis,73,ingested,
F5,Competitor Analysis,74,ingested,
F5,Competitor Analysis,75,ingested,
F5,Competitor Analysis,76,ingested,
F4,P&C Clientwise,1,header,row in header rows 1-2
F4,P&C Clientwise,2,header,row in header rows 1-2
F4,P&C Clientwise,3,ingested,
F4,P&C Clientwise,4,ingested,
F4,P&C Clientwise,5,ingested,
F4,P&C Clientwise,6,ingested,
F4,P&C Clientwise,7,ingested,
F4,P&C Clientwise,8,ingested,
F4,P&C Clientwise,9,ingested,
F4,P&C Clientwise,10,ingested,
F4,P&C Clientwise,11,ingested,
F4,P&C Clientwise,12,ingested,
F4,P&C Clientwise,13,ingested,
F4,P&C Clientwise,14,ingested,
F4,P&C Clientwise,15,ingested,
F4,P&C Clientwise,16,ingested,
F4,P&C Clientwise,17,ingested,
F4,P&C Clientwise,18,ingested,
F4,P&C Clientwise,19,ingested,
F4,P&C Clientwise,20,ingested,
F4,P&C Clientwise,21,ingested,
F4,P&C Clientwise,22,ingested,
F4,P&C Clientwise,23,ingested,
F4,P&C Clientwise,24,ingested,
F4,P&C Clientwise,25,ingested,
F4,P&C Clientwise,26,ingested,
F4,P&C Clientwise,27,ingested,
F4,P&C Clientwise,28,ingested,
F4,P&C Clientwise,29,ingested,
F4,P&C Clientwise,30,ingested,
F4,P&C Clientwise,31,ingested,
F4,P&C Clientwise,32,ingested,
F4,P&C Clientwise,33,ingested,
F4,P&C Clientwise,34,ingested,
F4,P&C Clientwise,35,ingested,
F4,P&C Clientwise,36,ingested,
F4,P&C Clientwise,37,ingested,
F4,P&C Clientwise,38,ingested,
F4,P&C Clientwise,39,ingested,
F4,P&C Clientwise,40,ingested,
F4,P&C Clientwise,41,ingested,
F4,P&C Clientwise,42,ingested,
F4,P&C Clientwise,43,ingested,
F4,P&C Clientwise,44,ingested,
F4,P&C Clientwise,45,ingested,
F4,P&C Clientwise,46,ingested,
F4,P&C Clientwise,47,ingested,
F4,P&C Clientwise,48,ingested,
F4,P&C Clientwise,49,ingested,
F4,P&C Clientwise,50,ingested,
F4,P&C Clientwise,51,ingested,
F4,P&C Clientwise,52,ingested,
F4,P&C Clientwise,53,ingested,
F4,P&C Clientwise,54,ingested,
F4,L&A Clientwise,1,header,row in header rows 1-2
F4,L&A Clientwise,2,header,row in header rows 1-2
F4,L&A Clientwise,3,ingested,
F4,L&A Clientwise,4,ingested,
F4,L&A Clientwise,5,ingested,
F4,L&A Clientwise,6,ingested,
F4,L&A Clientwise,7,ingested,
F4,L&A Clientwise,8,ingested,
F4,L&A Clientwise,9,ingested,
F4,L&A Clientwise,10,ingested,
F4,L&A Clientwise,11,ingested,
F4,L&A Clientwise,12,ingested,
F4,L&A Clientwise,13,ingested,
F4,L&A Clientwise,14,ingested,
F4,L&A Clientwise,15,ingested,
F4,L&A Clientwise,16,ingested,
F4,L&A Clientwise,17,ingested,
F4,L&A Clientwise,18,ingested,
F4,L&A Clientwise,19,ingested,
F4,L&A Clientwise,20,ingested,
F4,L&A Clientwise,21,ingested,
F4,L&A Clientwise,22,ingested,
F4,L&A Clientwise,23,ingested,
F4,L&A Clientwise,24,ingested,
F4,L&A Clientwise,25,ingested,
F4,L&A Clientwise,26,ingested,
F4,L&A Clientwise,27,ingested,
F4,L&A Clientwise,28,ingested,
F4,L&A Clientwise,29,ingested,
F4,L&A Clientwise,30,ingested,
F4,L&A Clientwise,31,ingested,
F4,L&A Clientwise,32,ingested,
F4,L&A Clientwise,33,ingested,
F4,L&A Clientwise,34,ingested,
F4,L&A Clientwise,35,ingested,
F4,L&A Clientwise,36,ingested,
F4,L&A Clientwise,37,ingested,
F4,L&A Clientwise,38,ingested,
F4,L&A Clientwise,39,ingested,
F4,L&A Clientwise,40,ingested,
F4,L&A Clientwise,41,ingested,
F4,L&A Clientwise,42,ingested,
F4,L&A Clientwise,43,ingested,
F4,L&A Clientwise,44,ingested,
F4,L&A Clientwise,45,ingested,
F4,L&A Clientwise,46,ingested,
F4,L&A Clientwise,47,ingested,
F4,L&A Clientwise,48,ingested,
F4,L&A Clientwise,49,ingested,
F4,L&A Clientwise,50,ingested,
F4,L&A Clientwise,51,ingested,
F4,L&A Clientwise,52,ingested,
F4,L&A Clientwise,53,ingested,
F4,L&A Clientwise,54,ingested,
F4,L&A Clientwise,55,ingested,
F4,L&A Clientwise,56,ingested,
F4,L&A Clientwise,57,ingested,
F4,L&A Clientwise,58,ingested,
F4,L&A Clientwise,59,ingested,
F4,L&A Clientwise,60,ingested,
F4,L&A Clientwise,61,ingested,
F1,Buyer Priorities,1,header,row in header rows 1-6
F1,Buyer Priorities,2,header,row in header rows 1-6
F1,Buyer Priorities,3,header,row in header rows 1-6
F1,Buyer Priorities,4,header,row in header rows 1-6
F1,Buyer Priorities,5,header,row in header rows 1-6
F1,Buyer Priorities,6,header,row in header rows 1-6
F1,Buyer Priorities,7,ingested,
F1,Buyer Priorities,8,ingested,
F1,Buyer Priorities,9,ingested,
F1,Buyer Priorities,10,ingested,
F1,Buyer Priorities,11,ingested,
F1,Buyer Priorities,12,ingested,
F1,Buyer Priorities,13,ingested,
F1,Buyer Priorities,14,ingested,
F1,Buyer Priorities,15,ingested,
F1,Buyer Priorities,16,ingested,
F1,Buyer Priorities,17,ingested,
F1,Buyer Priorities,18,ingested,
F1,Buyer Priorities,19,ingested,
F1,Buyer Priorities,20,ingested,
F1,Buyer Priorities,21,ingested,
F1,Buyer Priorities,22,ingested,
F1,Buyer Priorities,23,ingested,
F1,Buyer Priorities,24,ingested,
F1,Buyer Priorities,25,ingested,
F1,Buyer Priorities,26,ingested,
F1,Buyer Priorities,27,ingested,
F1,Buyer Priorities,28,ingested,
F1,Buyer Priorities,29,ingested,
F1,Buyer Priorities,30,ingested,
F1,Buyer Priorities,31,ingested,
F1,Buyer Priorities,32,ingested,
F1,Buyer Priorities,33,ingested,
F1,Buyer Priorities,34,ingested,
F1,Buyer Priorities,35,ingested,
F1,Buyer Priorities,36,ingested,
F1,Buyer Priorities,37,ingested,
F1,Buyer Priorities,38,ingested,
F1,Buyer Priorities,39,ingested,
F1,Buyer Priorities,40,ingested,
F1,Buyer Priorities,41,ingested,
F1,Buyer Priorities,42,ingested,
F1,Buyer Priorities,43,ingested,
F1,Buyer Priorities,44,ingested,
F1,Buyer Priorities,45,ingested,
F1,Buyer Priorities,46,empty,
F1,Buyer Priorities,47,empty,
F1,Buyer Priorities,48,empty,
F1,Buyer Priorities,49,empty,
F1,Buyer Priorities,50,empty,
F1,Buyer Priorities,51,empty,
F1,Buyer Priorities,52,empty,
F1,Buyer Priorities,53,empty,
F1,Buyer Priorities,54,empty,
F1,Buyer Priorities,55,empty,
F1,Buyer Priorities,56,empty,
F1,Buyer Priorities,57,empty,
F1,Buyer Priorities,58,empty,
F1,Buyer Priorities,59,empty,
F1,Buyer Priorities,60,empty,
F1,Buyer Priorities,61,empty,
F1,Buyer Priorities,62,empty,
F1,Buyer Priorities,63,empty,
F1,Buyer Priorities,64,empty,
F1,Buyer Priorities,65,empty,
F1,Buyer Priorities,66,empty,
F1,Buyer Priorities,67,empty,
F1,Buyer Priorities,68,empty,
F1,Buyer Priorities,69,empty,
F1,Buyer Priorities,70,empty,
F1,Buyer Priorities,71,empty,
F1,Buyer Priorities,72,empty,
F1,Buyer Priorities,73,empty,
F1,Buyer Priorities,74,empty,
F1,Buyer Priorities,75,empty,
F1,Buyer Priorities,76,empty,
F1,Buyer Priorities,77,empty,
F1,Buyer Priorities,78,empty,
F1,Buyer Priorities,79,empty,
F1,Buyer Priorities,80,empty,
F1,Buyer Priorities,81,empty,
F1,Buyer Priorities,82,empty,
F1,Buyer Priorities,83,empty,
F1,Buyer Priorities,84,empty,
F1,Buyer Priorities,85,empty,
F1,Buyer Priorities,86,empty,
F1,Buyer Priorities,87,empty,
F1,Buyer Priorities,88,empty,
F1,Buyer Priorities,89,empty,
F1,Buyer Priorities,90,empty,
F1,Buyer Priorities,91,empty,
F1,Buyer Priorities,92,empty,
F1,Buyer Priorities,93,empty,
F1,Buyer Priorities,94,empty,
F1,Buyer Priorities,95,empty,
F1,Buyer Priorities,96,empty,
F1,Buyer Priorities,97,empty,
F1,Buyer Priorities,98,empty,
F1,Buyer Priorities,99,empty,
F1,Buyer Priorities,100,empty,
F1,Buyer Priorities,101,empty,
F1,Buyer Priorities,102,empty,
F1,Buyer Priorities,103,empty,
F1,Buyer Priorities,104,empty,
F1,Buyer Priorities,105,empty,
F1,Buyer Priorities,106,empty,
F1,Buyer Priorities,107,empty,
F1,Buyer Priorities,108,empty,
F1,Buyer Priorities,109,empty,
F4,Competitor wise,1,header,row in header rows 1-1
F4,Competitor wise,2,ingested,
F4,Competitor wise,3,ingested,
F4,Competitor wise,4,ingested,
F4,Competitor wise,5,ingested,
F4,Competitor wise,6,ingested,
F4,Competitor wise,7,ingested,
F4,Competitor wise,8,ingested,
F4,Competitor wise,9,ingested,
F4,Competitor wise,10,ingested,
F4,Competitor wise,11,ingested,
F4,Competitor wise,12,ingested,
F4,Competitor wise,13,ingested,
F4,Competitor wise,14,ingested,
F4,Competitor wise,15,ingested,
F4,Competitor wise,16,ingested,
F4,Competitor wise,17,ingested,
F4,Competitor wise,18,ingested,
F4,Competitor wise,19,ingested,
F4,Competitor wise,20,ingested,
F4,Competitor wise,21,ingested,
F4,Competitor wise,22,ingested,
F4,Competitor wise,23,ingested,
F4,Competitor wise,24,ingested,
F4,Competitor wise,25,ingested,
F4,Competitor wise,26,ingested,
F4,Competitor wise,27,ingested,
F4,Competitor wise,28,ingested,
F4,Competitor wise,29,ingested,
F4,Competitor wise,30,ingested,
F4,Competitor wise,31,ingested,
F4,Competitor wise,32,ingested,
F4,Competitor wise,33,ingested,
F4,Competitor wise,34,ingested,
F4,Competitor wise,35,ingested,
F4,Competitor wise,36,ingested,
F4,Competitor wise,37,ingested,
F4,Competitor wise,38,ingested,
F4,Competitor wise,39,ingested,
F4,Competitor wise,40,ingested,
F4,Competitor wise,41,ingested,
F4,Competitor wise,42,ingested,
F4,Competitor wise,43,ingested,
F4,Competitor wise,44,ingested,
F4,Competitor wise,45,ingested,
F4,Competitor wise,46,ingested,
F4,Competitor wise,47,ingested,
F1,Partnerships and Alliances,1,header,row in header rows 1-6
F1,Partnerships and Alliances,2,header,row in header rows 1-6
F1,Partnerships and Alliances,3,header,row in header rows 1-6
F1,Partnerships and Alliances,4,header,row in header rows 1-6
F1,Partnerships and Alliances,5,header,row in header rows 1-6
F1,Partnerships and Alliances,6,header,row in header rows 1-6
F1,Partnerships and Alliances,7,ingested,
F1,Partnerships and Alliances,8,ingested,
F1,Partnerships and Alliances,9,ingested,
F1,Partnerships and Alliances,10,ingested,
F1,Partnerships and Alliances,11,ingested,
F1,Partnerships and Alliances,12,ingested,
F1,Partnerships and Alliances,13,ingested,
F1,Partnerships and Alliances,14,ingested,
F1,Partnerships and Alliances,15,ingested,
F1,Partnerships and Alliances,16,ingested,
F1,Partnerships and Alliances,17,ingested,
F1,Partnerships and Alliances,18,ingested,
F1,Partnerships and Alliances,19,ingested,
F1,Partnerships and Alliances,20,ingested,
F1,Partnerships and Alliances,21,ingested,
F1,Partnerships and Alliances,22,ingested,
F1,Partnerships and Alliances,23,ingested,
F1,Partnerships and Alliances,24,ingested,
F1,Partnerships and Alliances,25,ingested,
F1,Partnerships and Alliances,26,ingested,
F1,Partnerships and Alliances,27,ingested,
F1,Partnerships and Alliances,28,ingested,
F1,Partnerships and Alliances,29,ingested,
F1,Partnerships and Alliances,30,ingested,
F1,Partnerships and Alliances,31,ingested,
F1,Partnerships and Alliances,32,ingested,
F1,Partnerships and Alliances,33,ingested,
F1,Partnerships and Alliances,34,ingested,
F1,Partnerships and Alliances,35,ingested,
F1,Partnerships and Alliances,36,ingested,
F1,Partnerships and Alliances,37,ingested,
F1,Partnerships and Alliances,38,ingested,
F1,Partnerships and Alliances,39,ingested,
F1,Partnerships and Alliances,40,ingested,
F1,Partnerships and Alliances,41,ingested,
F1,Partnerships and Alliances,42,ingested,
F1,Partnerships and Alliances,43,ingested,
F1,Partnerships and Alliances,44,ingested,
F1,Partnerships and Alliances,45,ingested,
F1,Partnerships and Alliances,46,ingested,
F1,Partnerships and Alliances,47,ingested,
F1,Partnerships and Alliances,48,ingested,
F1,Partnerships and Alliances,49,ingested,
F1,Partnerships and Alliances,50,ingested,
F1,Partnerships and Alliances,51,ingested,
F1,Partnerships and Alliances,52,ingested,
F1,Partnerships and Alliances,53,ingested,
F1,Partnerships and Alliances,54,ingested,
F1,Partnerships and Alliances,55,ingested,
F1,Partnerships and Alliances,56,ingested,
F1,Partnerships and Alliances,57,ingested,
F1,Partnerships and Alliances,58,ingested,
F1,Partnerships and Alliances,59,ingested,
F1,Partnerships and Alliances,60,ingested,
F1,Partnerships and Alliances,61,ingested,
F1,Partnerships and Alliances,62,ingested,
F1,Partnerships and Alliances,63,ingested,
F1,Partnerships and Alliances,64,ingested,
F1,Partnerships and Alliances,65,ingested,
F1,Partnerships and Alliances,66,ingested,
F1,Partnerships and Alliances,67,ingested,
F1,Partnerships and Alliances,68,ingested,
F1,Partnerships and Alliances,69,ingested,
F1,Partnerships and Alliances,70,skipped_non_data,row has content but not in expected data shape
F1,Partnerships and Alliances,71,empty,
F1,Partnerships and Alliances,72,empty,
F1,Partnerships and Alliances,73,empty,
F1,Partnerships and Alliances,74,empty,
F1,Partnerships and Alliances,75,empty,
F1,Partnerships and Alliances,76,empty,
F1,Partnerships and Alliances,77,empty,
F1,Partnerships and Alliances,78,empty,
F1,Partnerships and Alliances,79,empty,
F1,Partnerships and Alliances,80,empty,
F1,Partnerships and Alliances,81,empty,
F1,Partnerships and Alliances,82,empty,
F1,Partnerships and Alliances,83,empty,
F1,Partnerships and Alliances,84,empty,
F1,Partnerships and Alliances,85,empty,
F1,Partnerships and Alliances,86,empty,
F1,Partnerships and Alliances,87,empty,
F1,Capability Gap Assessment -Ver2,1,header,row in header rows 1-2
F1,Capability Gap Assessment -Ver2,2,header,row in header rows 1-2
F1,Capability Gap Assessment -Ver2,3,ingested,
F1,Capability Gap Assessment -Ver2,4,ingested,
F1,Capability Gap Assessment -Ver2,5,ingested,
F1,Capability Gap Assessment -Ver2,6,ingested,
F1,Capability Gap Assessment -Ver2,7,ingested,
F1,Capability Gap Assessment -Ver2,8,ingested,
F1,Capability Gap Assessment -Ver2,9,ingested,
F1,Capability Gap Assessment -Ver2,10,ingested,
F1,Capability Gap Assessment -Ver2,11,ingested,
F1,Capability Gap Assessment -Ver2,12,ingested,
F1,Capability Gap Assessment -Ver2,13,ingested,
F1,Capability Gap Assessment -Ver2,14,ingested,
F1,Capability Gap Assessment -Ver2,15,ingested,
F1,Capability Gap Assessment -Ver2,16,ingested,
F1,Capability Gap Assessment -Ver2,17,ingested,
F1,Capability Gap Assessment -Ver2,18,ingested,
F1,Capability Gap Assessment -Ver2,19,ingested,
F1,Capability Gap Assessment -Ver2,20,ingested,
F1,Capability Gap Assessment -Ver2,21,ingested,
F1,Capability Gap Assessment -Ver2,22,ingested,
F1,Capability Gap Assessment -Ver2,23,ingested,
F1,Capability Gap Assessment -Ver2,24,ingested,
F1,Capability Gap Assessment -Ver2,25,ingested,
F1,Capability Gap Assessment -Ver2,26,ingested,
F1,Capability Gap Assessment -Ver2,27,ingested,
F1,Capability Gap Assessment -Ver2,28,ingested,
F1,Capability Gap Assessment -Ver2,29,ingested,
F1,Capability Gap Assessment -Ver2,30,ingested,
F1,Capability Gap Assessment -Ver2,31,ingested,
F1,Capability Gap Assessment -Ver2,32,ingested,
F1,Capability Gap Assessment -Ver2,33,ingested,
F1,Capability Gap Assessment -Ver2,34,ingested,
F1,Capability Gap Assessment -Ver2,35,ingested,
F1,Capability Gap Assessment -Ver2,36,ingested,
F1,Capability Gap Assessment -Ver2,37,ingested,
F1,Capability Gap Assessment -Ver2,38,ingested,
F1,Capability Gap Assessment -Ver2,39,ingested,
F1,Capability Gap Assessment -Ver2,40,ingested,
F1,Capability Gap Assessment -Ver2,41,ingested,
F1,Capability Gap Assessment -Ver2,42,ingested,
F1,Capability Gap Assessment -Ver2,43,ingested,
F1,Capability Gap Assessment -Ver2,44,ingested,
F1,Capability Gap Assessment -Ver2,45,ingested,
F1,Capability Gap Assessment -Ver2,46,ingested,
F1,Capability Gap Assessment -Ver2,47,skipped_non_data,row has content but not in expected data shape
F1,Capability Gap Assessment -Ver2,48,ingested,
F1,Capability Gap Assessment -Ver2,49,ingested,
F1,Capability Gap Assessment -Ver2,50,ingested,
F1,Capability Gap Assessment -Ver2,51,ingested,
F1,Capability Gap Assessment -Ver2,52,ingested,
F1,Capability Gap Assessment -Ver2,53,ingested,
F1,Capability Gap Assessment -Ver2,54,ingested,
F1,Capability Gap Assessment -Ver2,55,ingested,
F1,Capability Gap Assessment -Ver2,56,empty,
F1,Capability Gap Assessment -Ver2,57,empty,
F1,Capability Gap Assessment -Ver2,58,empty,
F1,Capability Gap Assessment -Ver2,59,empty,
F1,Capability Gap Assessment -Ver2,60,empty,
F1,Capability Gap Assessment -Ver2,61,empty,
F1,Capability Gap Assessment -Ver2,62,empty,
F1,Capability Gap Assessment -Ver2,63,empty,
F1,Capability Gap Assessment -Ver2,64,skipped_non_data,row has content but not in expected data shape
F1,Capability Gap Assessment -Ver2,65,empty,
F1,Capability Gap Assessment -Ver2,66,empty,
F1,Capability Gap Assessment -Ver2,67,empty,
F1,InsureTech Landscape,1,header,row in header rows 1-7
F1,InsureTech Landscape,2,header,row in header rows 1-7
F1,InsureTech Landscape,3,header,row in header rows 1-7
F1,InsureTech Landscape,4,header,row in header rows 1-7
F1,InsureTech Landscape,5,header,row in header rows 1-7
F1,InsureTech Landscape,6,header,row in header rows 1-7
F1,InsureTech Landscape,7,header,row in header rows 1-7
F1,InsureTech Landscape,8,ingested,
F1,InsureTech Landscape,9,ingested,
F1,InsureTech Landscape,10,ingested,
F1,InsureTech Landscape,11,ingested,
F1,InsureTech Landscape,12,ingested,
F1,InsureTech Landscape,13,ingested,
F1,InsureTech Landscape,14,ingested,
F1,InsureTech Landscape,15,ingested,
F1,InsureTech Landscape,16,ingested,
F1,InsureTech Landscape,17,ingested,
F1,InsureTech Landscape,18,ingested,
F1,InsureTech Landscape,19,ingested,
F1,InsureTech Landscape,20,ingested,
F1,InsureTech Landscape,21,ingested,
F1,InsureTech Landscape,22,ingested,
F1,InsureTech Landscape,23,ingested,
F1,InsureTech Landscape,24,ingested,
F1,InsureTech Landscape,25,ingested,
F1,InsureTech Landscape,26,ingested,
F1,InsureTech Landscape,27,ingested,
F1,InsureTech Landscape,28,ingested,
F1,InsureTech Landscape,29,ingested,
F1,InsureTech Landscape,30,ingested,
F1,InsureTech Landscape,31,ingested,
F1,InsureTech Landscape,32,ingested,
F1,InsureTech Landscape,33,ingested,
F1,InsureTech Landscape,34,ingested,
F1,InsureTech Landscape,35,ingested,
F1,InsureTech Landscape,36,ingested,
F1,InsureTech Landscape,37,ingested,
F1,InsureTech Landscape,38,ingested,
F1,InsureTech Landscape,39,ingested,
F1,InsureTech Landscape,40,ingested,
F1,InsureTech Landscape,41,ingested,
F1,InsureTech Landscape,42,ingested,
F1,InsureTech Landscape,43,ingested,
F1,InsureTech Landscape,44,ingested,
F1,InsureTech Landscape,45,ingested,
F1,InsureTech Landscape,46,ingested,
F1,InsureTech Landscape,47,ingested,
F1,InsureTech Landscape,48,ingested,
F1,InsureTech Landscape,49,ingested,
F1,InsureTech Landscape,50,ingested,
F1,InsureTech Landscape,51,ingested,
F1,InsureTech Landscape,52,ingested,
F1,InsureTech Landscape,53,ingested,
F1,InsureTech Landscape,54,ingested,
F1,InsureTech Landscape,55,ingested,
F1,InsureTech Landscape,56,ingested,
F1,InsureTech Landscape,57,ingested,
F1,InsureTech Landscape,58,ingested,
F1,InsureTech Landscape,59,ingested,
F1,InsureTech Landscape,60,ingested,
F1,InsureTech Landscape,61,ingested,
F1,InsureTech Landscape,62,ingested,
F1,InsureTech Landscape,63,ingested,
F1,InsureTech Landscape,64,ingested,
F1,InsureTech Landscape,65,ingested,
F1,InsureTech Landscape,66,ingested,
F1,InsureTech Landscape,67,ingested,
F1,InsureTech Landscape,68,ingested,
F1,InsureTech Landscape,69,ingested,
F1,InsureTech Landscape,70,ingested,
F1,InsureTech Landscape,71,ingested,
F1,InsureTech Landscape,72,ingested,
F1,InsureTech Landscape,73,ingested,
F1,InsureTech Landscape,74,ingested,
F1,InsureTech Landscape,75,ingested,
F1,InsureTech Landscape,76,ingested,
F1,InsureTech Landscape,77,ingested,
F1,InsureTech Landscape,78,ingested,
F1,InsureTech Landscape,79,ingested,
F1,InsureTech Landscape,80,ingested,
F1,InsureTech Landscape,81,ingested,
F1,InsureTech Landscape,82,ingested,
F1,InsureTech Landscape,83,ingested,
F1,InsureTech Landscape,84,ingested,
F1,InsureTech Landscape,85,ingested,
F1,InsureTech Landscape,86,ingested,
F1,InsureTech Landscape,87,ingested,
F1,InsureTech Landscape,88,ingested,
F1,Partnership Landscape,1,header,row in header rows 1-7
F1,Partnership Landscape,2,header,row in header rows 1-7
F1,Partnership Landscape,3,header,row in header rows 1-7
F1,Partnership Landscape,4,header,row in header rows 1-7
F1,Partnership Landscape,5,header,row in header rows 1-7
F1,Partnership Landscape,6,header,row in header rows 1-7
F1,Partnership Landscape,7,header,row in header rows 1-7
F1,Partnership Landscape,8,ingested,
F1,Partnership Landscape,9,ingested,
F1,Partnership Landscape,10,ingested,
F1,Partnership Landscape,11,ingested,
F1,Partnership Landscape,12,ingested,
F1,Partnership Landscape,13,ingested,
F1,Partnership Landscape,14,ingested,
F1,Partnership Landscape,15,ingested,
F1,Partnership Landscape,16,ingested,
F1,Partnership Landscape,17,ingested,
F1,Partnership Landscape,18,ingested,
F1,Partnership Landscape,19,ingested,
F1,Partnership Landscape,20,ingested,
F1,Partnership Landscape,21,ingested,
F1,Partnership Landscape,22,ingested,
F1,Partnership Landscape,23,ingested,
F1,Partnership Landscape,24,ingested,
F1,Partnership Landscape,25,ingested,
F1,Partnership Landscape,26,ingested,
F1,Partnership Landscape,27,ingested,
F1,Partnership Landscape,28,ingested,
F1,Partnership Landscape,29,ingested,
F1,Partnership Landscape,30,ingested,
F1,Partnership Landscape,31,ingested,
F1,Partnership Landscape,32,ingested,
F1,Partnership Landscape,33,ingested,
F1,Partnership Landscape,34,ingested,
F1,Partnership Landscape,35,ingested,
F1,Partnership Landscape,36,ingested,
F1,Partnership Landscape,37,ingested,
F1,Partnership Landscape,38,ingested,
F1,Partnership Landscape,39,ingested,
F1,Partnership Landscape,40,ingested,
F1,Partnership Landscape,41,ingested,
F1,Partnership Landscape,42,ingested,
F1,Partnership Landscape,43,ingested,
F1,Partnership Landscape,44,ingested,
F1,Partnership Landscape,45,ingested,
F1,Partnership Landscape,46,ingested,
F1,Partnership Landscape,47,ingested,
F1,Partnership Landscape,48,ingested,
F1,Partnership Landscape,49,ingested,
F1,Partnership Landscape,50,ingested,
F1,Partnership Landscape,51,ingested,
F1,Partnership Landscape,52,ingested,
F1,Partnership Landscape,53,ingested,
F1,Partnership Landscape,54,ingested,
F1,Partnership Landscape,55,ingested,
F1,Partnership Landscape,56,ingested,
F1,Partnership Landscape,57,ingested,
F1,Partnership Landscape,58,ingested,
F1,Partnership Landscape,59,ingested,
F1,Partnership Landscape,60,ingested,
F1,Partnership Landscape,61,ingested,
F1,Partnership Landscape,62,ingested,
F1,Partnership Landscape,63,ingested,
F1,Partnership Landscape,64,ingested,
F1,Partnership Landscape,65,ingested,
F1,Partnership Landscape,66,ingested,
F1,Partnership Landscape,67,ingested,
F1,Partnership Landscape,68,ingested,
F1,Partnership Landscape,69,ingested,
F1,Partnership Landscape,70,ingested,
F1,P&C Solutions List,1,header,row in header rows 1-9
F1,P&C Solutions List,2,header,row in header rows 1-9
F1,P&C Solutions List,3,header,row in header rows 1-9
F1,P&C Solutions List,4,header,row in header rows 1-9
F1,P&C Solutions List,5,header,row in header rows 1-9
F1,P&C Solutions List,6,header,row in header rows 1-9
F1,P&C Solutions List,7,header,row in header rows 1-9
F1,P&C Solutions List,8,header,row in header rows 1-9
F1,P&C Solutions List,9,header,row in header rows 1-9
F1,P&C Solutions List,10,ingested,
F1,P&C Solutions List,11,ingested,
F1,P&C Solutions List,12,ingested,
F1,P&C Solutions List,13,ingested,
F1,P&C Solutions List,14,ingested,
F1,P&C Solutions List,15,ingested,
F1,P&C Solutions List,16,ingested,
F1,P&C Solutions List,17,ingested,
F1,P&C Solutions List,18,ingested,
F1,P&C Solutions List,19,ingested,
F1,P&C Solutions List,20,ingested,
F1,P&C Solutions List,21,ingested,
F1,P&C Solutions List,22,ingested,
F1,P&C Solutions List,23,ingested,
F1,P&C Solutions List,24,ingested,
F1,P&C Solutions List,25,empty,
F1,P&C Solutions List,26,ingested,
F1,P&C Solutions List,27,ingested,
F1,P&C Solutions List,28,ingested,
F1,P&C Solutions List,29,ingested,
F1,P&C Solutions List,30,ingested,
F1,P&C Solutions List,31,ingested,
F1,P&C Solutions List,32,ingested,
F1,P&C Solutions List,33,ingested,
F1,P&C Solutions List,34,ingested,
F1,P&C Solutions List,35,empty,
F1,P&C Solutions List,36,ingested,
F1,P&C Solutions List,37,ingested,
F1,P&C Solutions List,38,ingested,
F1,P&C Solutions List,39,ingested,
F1,P&C Solutions List,40,empty,
F1,P&C Solutions List,41,ingested,
F1,P&C Solutions List,42,empty,
F1,P&C Solutions List,43,empty,
F1,P&C Solutions List,44,empty,
F1,P&C Solutions List,45,ingested,
F1,P&C Solutions List,46,ingested,
F1,P&C Solutions List,47,ingested,
F1,P&C Solutions List,48,ingested,
F1,P&C Solutions List,49,empty,
F1,P&C Solutions List,50,ingested,
F1,P&C Solutions List,51,empty,
F1,P&C Solutions List,52,empty,
F1,P&C Solutions List,53,empty,
F1,P&C Solutions List,54,empty,
F1,P&C Solutions List,55,empty,
F1,P&C Solutions List,56,ingested,
F1,P&C Solutions List,57,ingested,
F1,P&C Solutions List,58,empty,
F1,P&C Solutions List,59,ingested,
F1,P&C Solutions List,60,ingested,
F1,P&C Solutions List,61,ingested,
F1,P&C Solutions List,62,ingested,
F1,P&C Solutions List,63,ingested,
F1,P&C Solutions List,64,ingested,
F1,P&C Solutions List,65,ingested,
F1,Client Prioritization Framework,1,header,row in header rows 1-1
F1,Client Prioritization Framework,2,empty,
F1,Client Prioritization Framework,3,skipped_non_data,row has content but not in expected data shape
F1,Client Prioritization Framework,4,skipped_non_data,row has content but not in expected data shape
F1,Client Prioritization Framework,5,ingested,
F1,Client Prioritization Framework,6,ingested,
F1,Client Prioritization Framework,7,ingested,
F1,Client Prioritization Framework,8,ingested,
F1,Client Prioritization Framework,9,ingested,
F1,Client Prioritization Framework,10,empty,
F1,Client Prioritization Framework,11,skipped_non_data,row has content but not in expected data shape
F1,Client Prioritization Framework,12,skipped_non_data,row has content but not in expected data shape
F1,Client Prioritization Framework,13,ingested,
F1,Client Prioritization Framework,14,ingested,
F1,Client Prioritization Framework,15,ingested,
F1,Client Prioritization Framework,16,ingested,
F1,Client Prioritization Framework,17,ingested,
F1,Client Prioritization Framework,18,skipped_non_data,row has content but not in expected data shape
F1,Client Prioritization Framework,19,skipped_non_data,row has content but not in expected data shape
F1,Client Prioritization Framework,20,skipped_non_data,row has content but not in expected data shape
F1,Client Prioritization Framework,21,skipped_non_data,row has content but not in expected data shape
F1,Client Prioritization Framework,22,skipped_non_data,row has content but not in expected data shape
F1,Insuretch Anlaysis - Roopak,1,header,row in header rows 1-5
F1,Insuretch Anlaysis - Roopak,2,header,row in header rows 1-5
F1,Insuretch Anlaysis - Roopak,3,header,row in header rows 1-5
F1,Insuretch Anlaysis - Roopak,4,header,row in header rows 1-5
F1,Insuretch Anlaysis - Roopak,5,header,row in header rows 1-5
F1,Insuretch Anlaysis - Roopak,6,ingested,
F1,Insuretch Anlaysis - Roopak,7,ingested,
F1,Insuretch Anlaysis - Roopak,8,ingested,
F1,Insuretch Anlaysis - Roopak,9,ingested,
F1,Insuretch Anlaysis - Roopak,10,ingested,
F1,Insuretch Anlaysis - Roopak,11,ingested,
F1,Insuretch Anlaysis - Roopak,12,ingested,
F1,Insuretch Anlaysis - Roopak,13,ingested,
F1,Insuretch Anlaysis - Roopak,14,ingested,
F1,Build-Buy-Partner Analysis,1,header,row in header rows 1-13
F1,Build-Buy-Partner Analysis,2,header,row in header rows 1-13
F1,Build-Buy-Partner Analysis,3,header,row in header rows 1-13
F1,Build-Buy-Partner Analysis,4,header,row in header rows 1-13
F1,Build-Buy-Partner Analysis,5,header,row in header rows 1-13
F1,Build-Buy-Partner Analysis,6,header,row in header rows 1-13
F1,Build-Buy-Partner Analysis,7,header,row in header rows 1-13
F1,Build-Buy-Partner Analysis,8,header,row in header rows 1-13
F1,Build-Buy-Partner Analysis,9,header,row in header rows 1-13
F1,Build-Buy-Partner Analysis,10,header,row in header rows 1-13
F1,Build-Buy-Partner Analysis,11,header,row in header rows 1-13
F1,Build-Buy-Partner Analysis,12,header,row in header rows 1-13
F1,Build-Buy-Partner Analysis,13,header,row in header rows 1-13
F1,Build-Buy-Partner Analysis,14,ingested,
F1,Build-Buy-Partner Analysis,15,ingested,
F1,Build-Buy-Partner Analysis,16,ingested,
F1,Build-Buy-Partner Analysis,17,ingested,
F1,Build-Buy-Partner Analysis,18,ingested,
F1,Build-Buy-Partner Analysis,19,ingested,
F1,Build-Buy-Partner Analysis,20,ingested,
F1,Build-Buy-Partner Analysis,21,ingested,
F1,Build-Buy-Partner Analysis,22,ingested,
F1,Build-Buy-Partner Analysis,23,ingested,
F1,Build-Buy-Partner Analysis,24,ingested,
F1,Build-Buy-Partner Analysis,25,ingested,
F1,Build-Buy-Partner Analysis,26,ingested,
F1,Build-Buy-Partner Analysis,27,ingested,
F1,Build-Buy-Partner Analysis,28,ingested,
F1,Build-Buy-Partner Analysis,29,ingested,
F1,Build-Buy-Partner Analysis,30,ingested,
F1,Build-Buy-Partner Analysis,31,ingested,
F1,Build-Buy-Partner Analysis,32,ingested,
F1,Build-Buy-Partner Analysis,33,ingested,
F1,Build-Buy-Partner Analysis,34,ingested,
F1,Build-Buy-Partner Analysis,35,ingested,
F1,Build-Buy-Partner Analysis,36,ingested,
F1,Build-Buy-Partner Analysis,37,ingested,
F1,Build-Buy-Partner Analysis,38,ingested,
F1,Build-Buy-Partner Analysis,39,ingested,
F1,Build-Buy-Partner Analysis,40,ingested,
F1,Build-Buy-Partner Analysis,41,ingested,
F1,Build-Buy-Partner Analysis,42,ingested,
F1,Build-Buy-Partner Analysis,43,ingested,
F1,Build-Buy-Partner Analysis,44,ingested,
F1,Build-Buy-Partner Analysis,45,ingested,
F1,Build-Buy-Partner Analysis,46,ingested,
F1,Build-Buy-Partner Analysis,47,ingested,
F1,Build-Buy-Partner Analysis,48,ingested,
F1,Build-Buy-Partner Analysis,49,ingested,
F1,Build-Buy-Partner Analysis,50,ingested,
F1,Build-Buy-Partner Analysis,51,ingested,
F1,Build-Buy-Partner Analysis,52,ingested,
F1,Build-Buy-Partner Analysis,53,empty,
F1,Build-Buy-Partner Analysis,54,empty,
F1,Build-Buy-Partner Analysis,55,skipped_non_data,row has content but not in expected data shape
F1,Build-Buy-Partner Analysis,56,empty,
F1,Build-Buy-Partner Analysis,57,ingested,
F1,Build-Buy-Partner Analysis,58,ingested,
F1,Build-Buy-Partner Analysis,59,ingested,
F1,Build-Buy-Partner Analysis,60,ingested,
F1,Build-Buy-Partner Analysis,61,ingested,
F1,Build-Buy-Partner Analysis,62,ingested,
F1,Build-Buy-Partner Analysis,63,ingested,
F1,Build-Buy-Partner Analysis,64,ingested,
F1,Build-Buy-Partner Analysis,65,ingested,
F1,Build-Buy-Partner Analysis,66,ingested,
F1,Build-Buy-Partner Analysis,67,ingested,
F1,Build-Buy-Partner Analysis,68,ingested,
F1,Build-Buy-Partner Analysis,69,ingested,
F1,Build-Buy-Partner Analysis,70,ingested,
F1,Build-Buy-Partner Analysis,71,ingested,
F1,Build-Buy-Partner Analysis,72,ingested,
F1,Build-Buy-Partner Analysis,73,ingested,
F1,Build-Buy-Partner Analysis,74,ingested,
F1,Build-Buy-Partner Analysis,75,ingested,
F1,Build-Buy-Partner Analysis,76,ingested,
F1,Build-Buy-Partner Analysis,77,ingested,
F1,Build-Buy-Partner Analysis,78,ingested,
F1,Build-Buy-Partner Analysis,79,ingested,
F1,Build-Buy-Partner Analysis,80,ingested,
F1,Build-Buy-Partner Analysis,81,ingested,
F1,Build-Buy-Partner Analysis,82,ingested,
F1,Build-Buy-Partner Analysis,83,ingested,
F1,Build-Buy-Partner Analysis,84,ingested,
F1,Build-Buy-Partner Analysis,85,ingested,
F1,Build-Buy-Partner Analysis,86,ingested,
F1,Build-Buy-Partner Analysis,87,ingested,
F1,Build-Buy-Partner Analysis,88,ingested,
F1,Build-Buy-Partner Analysis,89,ingested,
F1,Build-Buy-Partner Analysis,90,ingested,
F1,Build-Buy-Partner Analysis,91,ingested,
F1,Build-Buy-Partner Analysis,92,ingested,
F1,Build-Buy-Partner Analysis,93,ingested,
F1,Build-Buy-Partner Analysis,94,ingested,
F1,Build-Buy-Partner Analysis,95,ingested,
F1,Build-Buy-Partner Analysis,96,ingested,
F1,Build-Buy-Partner Analysis,97,ingested,
F1,Build-Buy-Partner Analysis,98,ingested,
F1,Build-Buy-Partner Analysis,99,ingested,
F1,Build-Buy-Partner Analysis,100,ingested,
F1,Build-Buy-Partner Analysis,101,ingested,
F1,Build-Buy-Partner Analysis,102,ingested,
F1,Build-Buy-Partner Analysis,103,ingested,
F1,Build-Buy-Partner Analysis,104,ingested,
F1,Build-Buy-Partner Analysis,105,ingested,
F1,Build-Buy-Partner Analysis,106,ingested,
F1,Build-Buy-Partner Analysis,107,ingested,
F1,Build-Buy-Partner Analysis,108,ingested,
F1,Build-Buy-Partner Analysis,109,ingested,
F1,Build-Buy-Partner Analysis,110,ingested,
F1,Build-Buy-Partner Analysis,111,ingested,
F1,Build-Buy-Partner Analysis,112,ingested,
F1,Build-Buy-Partner Analysis,113,ingested,
F1,Build-Buy-Partner Analysis,114,ingested,
F1,Build-Buy-Partner Analysis,115,ingested,
F1,Build-Buy-Partner Analysis,116,ingested,
F1,Build-Buy-Partner Analysis,117,ingested,
F1,Build-Buy-Partner Analysis,118,ingested,
F1,Build-Buy-Partner Analysis,119,ingested,
F1,Build-Buy-Partner Analysis,120,ingested,
F1,Build-Buy-Partner Analysis,121,ingested,
F1,Build-Buy-Partner Analysis,122,ingested,
F1,Build-Buy-Partner Analysis,123,ingested,
F1,Build-Buy-Partner Analysis,124,ingested,
F1,Build-Buy-Partner Analysis,125,ingested,
F1,Build-Buy-Partner Analysis,126,ingested,
F1,Build-Buy-Partner Analysis,127,ingested,
F1,Build-Buy-Partner Analysis,128,ingested,
F1,Build-Buy-Partner Analysis,129,ingested,
F1,Build-Buy-Partner Analysis,130,ingested,
F1,Build-Buy-Partner Analysis,131,ingested,
F1,Build-Buy-Partner Analysis,132,ingested,
F1,Build-Buy-Partner Analysis,133,ingested,
F1,Build-Buy-Partner Analysis,134,ingested,
F1,Build-Buy-Partner Analysis,135,ingested,
F1,Build-Buy-Partner Analysis,136,ingested,
F1,Build-Buy-Partner Analysis,137,ingested,
F1,Build-Buy-Partner Analysis,138,ingested,
F2,Captives in India,1,header,row in header rows 1-2
F2,Captives in India,2,header,row in header rows 1-2
F2,Captives in India,3,ingested,
F2,Captives in India,4,ingested,
F2,Captives in India,5,ingested,
F2,Captives in India,6,ingested,
F2,Captives in India,7,ingested,
F2,Captives in India,8,ingested,
F2,Captives in India,9,ingested,
F2,Captives in the Philippines,1,header,row in header rows 1-2
F2,Captives in the Philippines,2,header,row in header rows 1-2
F2,Captives in the Philippines,3,ingested,
F2,Captives in the Philippines,4,ingested,
F2,Captives in the Philippines,5,ingested,
F2,Captives in the Philippines,6,ingested,
F2,Captives in the Philippines,7,ingested,
F2,Captives in the Philippines,8,ingested,
F2,Captives in the Philippines,9,ingested,
F3,Personal Lines,1,header,row in header rows 1-2
F3,Personal Lines,2,header,row in header rows 1-2
F3,Personal Lines,3,ingested,
F3,Personal Lines,4,ingested,
F3,Personal Lines,5,ingested,
F3,Personal Lines,6,ingested,
F3,Personal Lines,7,ingested,
F3,Personal Lines,8,empty,
F3,Personal Lines,9,ingested,
F3,Personal Lines,10,ingested,
F3,Personal Lines,11,empty,
F3,Personal Lines,12,empty,
F3,Personal Lines,13,empty,
F3,Personal Lines,14,empty,
F3,Personal Lines,15,empty,
F3,Personal Lines,16,empty,
F3,Personal Lines,17,empty,
F3,Personal Lines,18,empty,
F3,Personal Lines,19,empty,
F3,Personal Lines,20,empty,
F3,Personal Lines,21,empty,
F3,Commercial,1,header,row in header rows 1-2
F3,Commercial,2,header,row in header rows 1-2
F3,Commercial,3,ingested,
F3,Commercial,4,ingested,
F3,Commercial,5,ingested,
F3,Commercial,6,ingested,
F3,Commercial,7,skipped_non_data,row has content but not in expected data shape
F3,Commercial,8,empty,
F3,Commercial,9,ingested,
F3,Commercial,10,ingested,
F3,Commercial,11,empty,
F3,Commercial,12,empty,
F3,Commercial,13,empty,
F3,Commercial,14,empty,
F3,Commercial,15,empty,
F3,Commercial,16,empty,
F3,Commercial,17,empty,
F3,Commercial,18,empty,
F3,Commercial,19,empty,
F3,Commercial,20,empty,
F3,Commercial,21,empty,
F1,Home,1,explicitly_skipped,Navigation / landing page
F1,Home,2,empty,
F1,Home,3,empty,
F1,Home,4,empty,
F1,Home,5,empty,
F1,Home,6,empty,
F1,Home,7,empty,
F1,Home,8,empty,
F1,Home,9,empty,
F1,Home,10,empty,
F1,Home,11,empty,
F1,Home,12,empty,
F1,Home,13,empty,
F1,Home,14,empty,
F1,Home,15,empty,
F1,Home,16,empty,
F1,Home,17,empty,
F1,Home,18,empty,
F1,Home,19,empty,
F1,Home,20,empty,
F1,Home,21,empty,
F1,Home,22,empty,
F1,Home,23,empty,
F1,Home,24,explicitly_skipped,Navigation / landing page
F1,Go-To-Market Plan,1,empty,
F1,Go-To-Market Plan,2,explicitly_skipped,Narrative strategy text in col B; no row-level structured data
F1,Go-To-Market Plan,3,empty,
F1,Go-To-Market Plan,4,explicitly_skipped,Narrative strategy text in col B; no row-level structured data
F1,Go-To-Market Plan,5,empty,
F1,Go-To-Market Plan,6,explicitly_skipped,Narrative strategy text in col B; no row-level structured data
F1,Go-To-Market Plan,7,empty,
F1,Go-To-Market Plan,8,explicitly_skipped,Narrative strategy text in col B; no row-level structured data
F1,Go-To-Market Plan,9,explicitly_skipped,Narrative strategy text in col B; no row-level structured data
F1,Go-To-Market Plan,10,explicitly_skipped,Narrative strategy text in col B; no row-level structured data
F1,Go-To-Market Plan,11,explicitly_skipped,Narrative strategy text in col B; no row-level structured data
F1,Go-To-Market Plan,12,empty,
F1,Go-To-Market Plan,13,explicitly_skipped,Narrative strategy text in col B; no row-level structured data
F1,Go-To-Market Plan,14,empty,
F1,Go-To-Market Plan,15,explicitly_skipped,Narrative strategy text in col B; no row-level structured data
F1,Go-To-Market Plan,16,explicitly_skipped,Narrative strategy text in col B; no row-level structured data
F1,Go-To-Market Plan,17,explicitly_skipped,Narrative strategy text in col B; no row-level structured data
F1,Go-To-Market Plan,18,explicitly_skipped,Narrative strategy text in col B; no row-level structured data
F1,Go-To-Market Plan,19,explicitly_skipped,Narrative strategy text in col B; no row-level structured data
F1,Go-To-Market Plan,20,explicitly_skipped,Narrative strategy text in col B; no row-level structured data
F1,Go-To-Market Plan,21,explicitly_skipped,Narrative strategy text in col B; no row-level structured data
F1,Go-To-Market Plan,22,empty,
F1,Go-To-Market Plan,23,explicitly_skipped,Narrative strategy text in col B; no row-level structured data
F1,Go-To-Market Plan,24,explicitly_skipped,Narrative strategy text in col B; no row-level structured data
F1,Go-To-Market Plan,25,empty,
F1,Go-To-Market Plan,26,explicitly_skipped,Narrative strategy text in col B; no row-level structured data
F1,Go-To-Market Plan,27,explicitly_skipped,Narrative strategy text in col B; no row-level structured data
F1,Go-To-Market Plan,28,explicitly_skipped,Narrative strategy text in col B; no row-level structured data
F1,Go-To-Market Plan,29,explicitly_skipped,Narrative strategy text in col B; no row-level structured data
F1,Go-To-Market Plan,30,empty,
F1,Go-To-Market Plan,31,explicitly_skipped,Narrative strategy text in col B; no row-level structured data
F1,Go-To-Market Plan,32,explicitly_skipped,Narrative strategy text in col B; no row-level structured data
F1,Go-To-Market Plan,33,explicitly_skipped,Narrative strategy text in col B; no row-level structured data
F1,Go-To-Market Plan,34,explicitly_skipped,Narrative strategy text in col B; no row-level structured data
F1,Go-To-Market Plan,35,explicitly_skipped,Narrative strategy text in col B; no row-level structured data
F1,Go-To-Market Plan,36,explicitly_skipped,Narrative strategy text in col B; no row-level structured data
F1,Go-To-Market Plan,37,explicitly_skipped,Narrative strategy text in col B; no row-level structured data
F1,Go-To-Market Plan,38,explicitly_skipped,Narrative strategy text in col B; no row-level structured data
F1,Go-To-Market Plan,39,empty,
F1,Go-To-Market Plan,40,explicitly_skipped,Narrative strategy text in col B; no row-level structured data
F1,Go-To-Market Plan,41,empty,
F1,Go-To-Market Plan,42,explicitly_skipped,Narrative strategy text in col B; no row-level structured data
F1,Go-To-Market Plan,43,explicitly_skipped,Narrative strategy text in col B; no row-level structured data
F1,Go-To-Market Plan,44,explicitly_skipped,Narrative strategy text in col B; no row-level structured data
F1,Go-To-Market Plan,45,explicitly_skipped,Narrative strategy text in col B; no row-level structured data
F1,Go-To-Market Plan,46,explicitly_skipped,Narrative strategy text in col B; no row-level structured data
F1,Go-To-Market Plan,47,empty,
F1,Go-To-Market Plan,48,explicitly_skipped,Narrative strategy text in col B; no row-level structured data
F1,Go-To-Market Plan,49,empty,
F1,Go-To-Market Plan,50,explicitly_skipped,Narrative strategy text in col B; no row-level structured data
F1,Go-To-Market Plan,51,explicitly_skipped,Narrative strategy text in col B; no row-level structured data
F1,Go-To-Market Plan,52,explicitly_skipped,Narrative strategy text in col B; no row-level structured data
F1,Go-To-Market Plan,53,explicitly_skipped,Narrative strategy text in col B; no row-level structured data
F1,Go-To-Market Plan,54,explicitly_skipped,Narrative strategy text in col B; no row-level structured data
F1,Go-To-Market Plan,55,explicitly_skipped,Narrative strategy text in col B; no row-level structured data
F1,Go-To-Market Plan,56,explicitly_skipped,Narrative strategy text in col B; no row-level structured data
F1,Go-To-Market Plan,57,explicitly_skipped,Narrative strategy text in col B; no row-level structured data
F1,Go-To-Market Plan,58,explicitly_skipped,Narrative strategy text in col B; no row-level structured data
F1,Go-To-Market Plan,59,explicitly_skipped,Narrative strategy text in col B; no row-level structured data
F1,Go-To-Market Plan,60,empty,
F1,Go-To-Market Plan,61,explicitly_skipped,Narrative strategy text in col B; no row-level structured data
F1,Go-To-Market Plan,62,empty,
F1,Go-To-Market Plan,63,empty,
F1,Go-To-Market Plan,64,empty,
F1,Go-To-Market Plan,65,empty,
F1,Go-To-Market Plan,66,explicitly_skipped,Narrative strategy text in col B; no row-level structured data
F1,Go-To-Market Plan,67,empty,
F1,Go-To-Market Plan,68,explicitly_skipped,Narrative strategy text in col B; no row-level structured data
F1,Go-To-Market Plan,69,explicitly_skipped,Narrative strategy text in col B; no row-level structured data
F1,Go-To-Market Plan,70,explicitly_skipped,Narrative strategy text in col B; no row-level structured data
F1,Go-To-Market Plan,71,empty,
F1,Go-To-Market Plan,72,explicitly_skipped,Narrative strategy text in col B; no row-level structured data
F1,Go-To-Market Plan,73,empty,
F1,Go-To-Market Plan,74,empty,
F1,Go-To-Market Plan,75,empty,
F1,Dashboard,1,explicitly_skipped,Multi-table summary view derived from other tables; no source data
F1,Dashboard,2,empty,
F1,Dashboard,3,explicitly_skipped,Multi-table summary view derived from other tables; no source data
F1,Dashboard,4,empty,
F1,Dashboard,5,explicitly_skipped,Multi-table summary view derived from other tables; no source data
F1,Dashboard,6,explicitly_skipped,Multi-table summary view derived from other tables; no source data
F1,Dashboard,7,empty,
F1,Dashboard,8,empty,
F1,Dashboard,9,empty,
F1,Dashboard,10,empty,
F1,Dashboard,11,empty,
F1,Dashboard,12,empty,
F1,Dashboard,13,empty,
F1,Dashboard,14,empty,
F1,Dashboard,15,empty,
F1,Dashboard,16,empty,
F1,Dashboard,17,empty,
F1,Dashboard,18,empty,
F1,Dashboard,19,empty,
F1,Dashboard,20,empty,
F1,Dashboard,21,empty,
F1,Dashboard,22,empty,
F1,Dashboard,23,empty,
F1,Dashboard,24,empty,
F1,Dashboard,25,empty,
F1,Dashboard,26,empty,
F1,Dashboard,27,empty,
F1,Dashboard,28,empty,
F1,Dashboard,29,empty,
F1,Dashboard,30,empty,
F1,Dashboard,31,empty,
F1,Dashboard,32,empty,
F1,Dashboard,33,empty,
F1,Dashboard,34,empty,
F1,Dashboard,35,empty,
F1,Dashboard,36,empty,
F1,Dashboard,37,empty,
F1,Dashboard,38,empty,
F1,Dashboard,39,empty,
F1,Dashboard,40,empty,
F1,Dashboard,41,empty,
F1,Dashboard,42,empty,
F1,Dashboard,43,empty,
F1,Dashboard,44,empty,
F1,Dashboard,45,empty,
F1,Dashboard,46,empty,
F1,Dashboard,47,empty,
F1,Dashboard,48,empty,
F1,Dashboard,49,empty,
F1,Dashboard,50,empty,
F1,Dashboard,51,empty,
F1,Dashboard,52,empty,
F1,Dashboard,53,empty,
F1,Dashboard,54,empty,
F1,Dashboard,55,empty,
F1,Dashboard,56,empty,
F1,Dashboard,57,empty,
F1,Dashboard,58,empty,
F1,Dashboard,59,empty,
F1,Dashboard,60,empty,
F1,Dashboard,61,empty,
F1,Dashboard,62,empty,
F1,Dashboard,63,empty,
F1,Dashboard,64,empty,
F1,Dashboard,65,empty,
F1,Dashboard,66,empty,
F1,Dashboard,67,empty,
F1,Dashboard,68,empty,
F1,Dashboard,69,empty,
F1,Dashboard,70,empty,
F1,Dashboard,71,empty,
F1,Dashboard,72,empty,
F1,Dashboard,73,empty,
F1,Dashboard,74,empty,
F1,Dashboard,75,empty,
F1,Dashboard,76,empty,
F1,Dashboard,77,empty,
F1,Dashboard,78,empty,
F1,Dashboard,79,empty,
F1,Dashboard,80,empty,
F1,Dashboard,81,empty,
F1,Dashboard,82,empty,
F1,Dashboard,83,empty,
F1,Dashboard,84,empty,
F1,Dashboard,85,empty,
F1,Dashboard,86,empty,
F1,Dashboard,87,empty,
F1,Dashboard,88,empty,
F1,Dashboard,89,empty,
F1,Dashboard,90,empty,
F1,Dashboard,91,empty,
F1,Dashboard,92,empty,
F1,Dashboard,93,empty,
F1,Dashboard,94,empty,
F1,Dashboard,95,empty,
F1,Dashboard,96,empty,
F1,Dashboard,97,empty,
F1,Dashboard,98,empty,
F1,Dashboard,99,empty,
F1,Dashboard,100,empty,
F1,Dashboard,101,empty,
F1,Dashboard,102,empty,
F1,Dashboard,103,empty,
F1,Dashboard,104,empty,
F1,Dashboard,105,empty,
F1,Dashboard,106,empty,
F1,Dashboard,107,empty,
F1,Dashboard,108,empty,
F1,Dashboard,109,empty,
F1,Dashboard,110,empty,
F1,Dashboard,111,empty,
F1,Dashboard,112,empty,
F1,Dashboard,113,empty,
F1,Dashboard,114,empty,
F1,Dashboard,115,empty,
F1,Dashboard,116,empty,
F1,Dashboard,117,empty,
F1,Dashboard,118,empty,
F1,Dashboard,119,empty,
F1,Dashboard,120,empty,
F1,Dashboard,121,empty,
F1,Dashboard,122,empty,
F1,Dashboard,123,empty,
F1,Dashboard,124,empty,
F1,Dashboard,125,empty,
F1,Dashboard,126,empty,
F1,Dashboard,127,empty,
F1,Dashboard,128,empty,
F1,Dashboard,129,empty,
F1,Dashboard,130,empty,
F1,Dashboard,131,empty,
F1,Dashboard,132,empty,
F1,Dashboard,133,empty,
F1,Dashboard,134,empty,
F1,Dashboard,135,empty,
F1,Dashboard,136,empty,
F1,Dashboard,137,empty,
F1,Dashboard,138,empty,
F1,Dashboard,139,empty,
F1,Dashboard,140,empty,
F1,Capability Gap Assessment ,1,explicitly_skipped,Superseded by 'Capability Gap Assessment -Ver2' (canonical)
F1,Capability Gap Assessment ,2,empty,
F1,Capability Gap Assessment ,3,explicitly_skipped,Superseded by 'Capability Gap Assessment -Ver2' (canonical)
F1,Capability Gap Assessment ,4,empty,
F1,Capability Gap Assessment ,5,explicitly_skipped,Superseded by 'Capability Gap Assessment -Ver2' (canonical)
F1,Capability Gap Assessment ,6,explicitly_skipped,Superseded by 'Capability Gap Assessment -Ver2' (canonical)
F1,Capability Gap Assessment ,7,explicitly_skipped,Superseded by 'Capability Gap Assessment -Ver2' (canonical)
F1,Capability Gap Assessment ,8,explicitly_skipped,Superseded by 'Capability Gap Assessment -Ver2' (canonical)
F1,Capability Gap Assessment ,9,explicitly_skipped,Superseded by 'Capability Gap Assessment -Ver2' (canonical)
F1,Capability Gap Assessment ,10,explicitly_skipped,Superseded by 'Capability Gap Assessment -Ver2' (canonical)
F1,Capability Gap Assessment ,11,explicitly_skipped,Superseded by 'Capability Gap Assessment -Ver2' (canonical)
F1,Capability Gap Assessment ,12,explicitly_skipped,Superseded by 'Capability Gap Assessment -Ver2' (canonical)
F1,Capability Gap Assessment ,13,explicitly_skipped,Superseded by 'Capability Gap Assessment -Ver2' (canonical)
F1,Capability Gap Assessment ,14,explicitly_skipped,Superseded by 'Capability Gap Assessment -Ver2' (canonical)
F1,Capability Gap Assessment ,15,explicitly_skipped,Superseded by 'Capability Gap Assessment -Ver2' (canonical)
F1,Capability Gap Assessment ,16,explicitly_skipped,Superseded by 'Capability Gap Assessment -Ver2' (canonical)
F1,Capability Gap Assessment ,17,explicitly_skipped,Superseded by 'Capability Gap Assessment -Ver2' (canonical)
F1,Capability Gap Assessment ,18,explicitly_skipped,Superseded by 'Capability Gap Assessment -Ver2' (canonical)
F1,Capability Gap Assessment ,19,explicitly_skipped,Superseded by 'Capability Gap Assessment -Ver2' (canonical)
F1,Capability Gap Assessment ,20,explicitly_skipped,Superseded by 'Capability Gap Assessment -Ver2' (canonical)
F1,Capability Gap Assessment ,21,explicitly_skipped,Superseded by 'Capability Gap Assessment -Ver2' (canonical)
F1,Capability Gap Assessment ,22,explicitly_skipped,Superseded by 'Capability Gap Assessment -Ver2' (canonical)
F1,Capability Gap Assessment ,23,explicitly_skipped,Superseded by 'Capability Gap Assessment -Ver2' (canonical)
F1,Capability Gap Assessment ,24,explicitly_skipped,Superseded by 'Capability Gap Assessment -Ver2' (canonical)
F1,Capability Gap Assessment ,25,explicitly_skipped,Superseded by 'Capability Gap Assessment -Ver2' (canonical)
F1,Capability Gap Assessment ,26,explicitly_skipped,Superseded by 'Capability Gap Assessment -Ver2' (canonical)
F1,Capability Gap Assessment ,27,explicitly_skipped,Superseded by 'Capability Gap Assessment -Ver2' (canonical)
F1,Capability Gap Assessment ,28,explicitly_skipped,Superseded by 'Capability Gap Assessment -Ver2' (canonical)
F1,Capability Gap Assessment ,29,explicitly_skipped,Superseded by 'Capability Gap Assessment -Ver2' (canonical)
F1,Capability Gap Assessment ,30,explicitly_skipped,Superseded by 'Capability Gap Assessment -Ver2' (canonical)
F1,Capability Gap Assessment ,31,explicitly_skipped,Superseded by 'Capability Gap Assessment -Ver2' (canonical)
F1,Capability Gap Assessment ,32,explicitly_skipped,Superseded by 'Capability Gap Assessment -Ver2' (canonical)
F1,Capability Gap Assessment ,33,explicitly_skipped,Superseded by 'Capability Gap Assessment -Ver2' (canonical)
F1,Capability Gap Assessment ,34,explicitly_skipped,Superseded by 'Capability Gap Assessment -Ver2' (canonical)
F1,Capability Gap Assessment ,35,explicitly_skipped,Superseded by 'Capability Gap Assessment -Ver2' (canonical)
F1,Capability Gap Assessment ,36,explicitly_skipped,Superseded by 'Capability Gap Assessment -Ver2' (canonical)
F1,Capability Gap Assessment ,37,explicitly_skipped,Superseded by 'Capability Gap Assessment -Ver2' (canonical)
F1,Capability Gap Assessment ,38,explicitly_skipped,Superseded by 'Capability Gap Assessment -Ver2' (canonical)
F1,Capability Gap Assessment ,39,explicitly_skipped,Superseded by 'Capability Gap Assessment -Ver2' (canonical)
F1,Capability Gap Assessment ,40,explicitly_skipped,Superseded by 'Capability Gap Assessment -Ver2' (canonical)
F1,Capability Gap Assessment ,41,explicitly_skipped,Superseded by 'Capability Gap Assessment -Ver2' (canonical)
F1,Capability Gap Assessment ,42,explicitly_skipped,Superseded by 'Capability Gap Assessment -Ver2' (canonical)
F1,Capability Gap Assessment ,43,explicitly_skipped,Superseded by 'Capability Gap Assessment -Ver2' (canonical)
F1,Capability Gap Assessment ,44,explicitly_skipped,Superseded by 'Capability Gap Assessment -Ver2' (canonical)
F1,Capability Gap Assessment ,45,explicitly_skipped,Superseded by 'Capability Gap Assessment -Ver2' (canonical)
F1,Capability Gap Assessment ,46,explicitly_skipped,Superseded by 'Capability Gap Assessment -Ver2' (canonical)
F1,Capability Gap Assessment ,47,explicitly_skipped,Superseded by 'Capability Gap Assessment -Ver2' (canonical)
F1,Capability Gap Assessment ,48,explicitly_skipped,Superseded by 'Capability Gap Assessment -Ver2' (canonical)
F1,Capability Gap Assessment ,49,explicitly_skipped,Superseded by 'Capability Gap Assessment -Ver2' (canonical)
F1,Capability Gap Assessment ,50,explicitly_skipped,Superseded by 'Capability Gap Assessment -Ver2' (canonical)
F1,Capability Gap Assessment ,51,explicitly_skipped,Superseded by 'Capability Gap Assessment -Ver2' (canonical)
F1,Capability Gap Assessment ,52,explicitly_skipped,Superseded by 'Capability Gap Assessment -Ver2' (canonical)
F1,Capability Gap Assessment ,53,explicitly_skipped,Superseded by 'Capability Gap Assessment -Ver2' (canonical)
F1,Capability Gap Assessment ,54,explicitly_skipped,Superseded by 'Capability Gap Assessment -Ver2' (canonical)
F1,Capability Gap Assessment ,55,explicitly_skipped,Superseded by 'Capability Gap Assessment -Ver2' (canonical)
F1,Capability Gap Assessment ,56,explicitly_skipped,Superseded by 'Capability Gap Assessment -Ver2' (canonical)
F1,Capability Gap Assessment ,57,explicitly_skipped,Superseded by 'Capability Gap Assessment -Ver2' (canonical)
F1,Capability Gap Assessment ,58,explicitly_skipped,Superseded by 'Capability Gap Assessment -Ver2' (canonical)
F1,Capability Gap Assessment ,59,explicitly_skipped,Superseded by 'Capability Gap Assessment -Ver2' (canonical)
F1,Capability Gap Assessment ,60,explicitly_skipped,Superseded by 'Capability Gap Assessment -Ver2' (canonical)
F1,Capability Gap Assessment ,61,empty,
F1,Capability Gap Assessment ,62,empty,
F1,Capability Gap Assessment ,63,empty,
F1,Capability Gap Assessment ,64,empty,
F1,Capability Gap Assessment ,65,empty,
F1,Capability Gap Assessment ,66,empty,
F1,Capability Gap Assessment ,67,empty,
F1,Capability Gap Assessment ,68,empty,
F1,Capability Gap Assessment ,69,explicitly_skipped,Superseded by 'Capability Gap Assessment -Ver2' (canonical)
F1,Capability Gap Assessment ,70,empty,
F1,Capability Gap Assessment ,71,empty,
F1,Capability Gap Assessment ,72,empty,
F1,Capability Gap Assessment 2,1,explicitly_skipped,Superseded by 'Capability Gap Assessment -Ver2' (canonical)
F1,Capability Gap Assessment 2,2,explicitly_skipped,Superseded by 'Capability Gap Assessment -Ver2' (canonical)
F1,Capability Gap Assessment 2,3,explicitly_skipped,Superseded by 'Capability Gap Assessment -Ver2' (canonical)
F1,Capability Gap Assessment 2,4,explicitly_skipped,Superseded by 'Capability Gap Assessment -Ver2' (canonical)
F1,Capability Gap Assessment 2,5,explicitly_skipped,Superseded by 'Capability Gap Assessment -Ver2' (canonical)
F1,Capability Gap Assessment 2,6,explicitly_skipped,Superseded by 'Capability Gap Assessment -Ver2' (canonical)
F1,Capability Gap Assessment 2,7,explicitly_skipped,Superseded by 'Capability Gap Assessment -Ver2' (canonical)
F1,Capability Gap Assessment 2,8,explicitly_skipped,Superseded by 'Capability Gap Assessment -Ver2' (canonical)
F1,Capability Gap Assessment 2,9,explicitly_skipped,Superseded by 'Capability Gap Assessment -Ver2' (canonical)
F1,Capability Gap Assessment 2,10,explicitly_skipped,Superseded by 'Capability Gap Assessment -Ver2' (canonical)
F1,Capability Gap Assessment 2,11,explicitly_skipped,Superseded by 'Capability Gap Assessment -Ver2' (canonical)
F1,Capability Gap Assessment 2,12,explicitly_skipped,Superseded by 'Capability Gap Assessment -Ver2' (canonical)
F1,Capability Gap Assessment 2,13,explicitly_skipped,Superseded by 'Capability Gap Assessment -Ver2' (canonical)
F1,Capability Gap Assessment 2,14,explicitly_skipped,Superseded by 'Capability Gap Assessment -Ver2' (canonical)
F1,Capability Gap Assessment 2,15,explicitly_skipped,Superseded by 'Capability Gap Assessment -Ver2' (canonical)
F1,Capability Gap Assessment 2,16,explicitly_skipped,Superseded by 'Capability Gap Assessment -Ver2' (canonical)
F1,Capability Gap Assessment 2,17,explicitly_skipped,Superseded by 'Capability Gap Assessment -Ver2' (canonical)
F1,Capability Gap Assessment 2,18,explicitly_skipped,Superseded by 'Capability Gap Assessment -Ver2' (canonical)
F1,Capability Gap Assessment 2,19,explicitly_skipped,Superseded by 'Capability Gap Assessment -Ver2' (canonical)
F1,Capability Gap Assessment 2,20,explicitly_skipped,Superseded by 'Capability Gap Assessment -Ver2' (canonical)
F1,Capability Gap Assessment 2,21,explicitly_skipped,Superseded by 'Capability Gap Assessment -Ver2' (canonical)
F1,Capability Gap Assessment 2,22,explicitly_skipped,Superseded by 'Capability Gap Assessment -Ver2' (canonical)
F1,Capability Gap Assessment 2,23,explicitly_skipped,Superseded by 'Capability Gap Assessment -Ver2' (canonical)
F1,Capability Gap Assessment 2,24,explicitly_skipped,Superseded by 'Capability Gap Assessment -Ver2' (canonical)
F1,Capability Gap Assessment 2,25,explicitly_skipped,Superseded by 'Capability Gap Assessment -Ver2' (canonical)
F1,Capability Gap Assessment 2,26,explicitly_skipped,Superseded by 'Capability Gap Assessment -Ver2' (canonical)
F1,Capability Gap Assessment 2,27,explicitly_skipped,Superseded by 'Capability Gap Assessment -Ver2' (canonical)
F1,Capability Gap Assessment 2,28,explicitly_skipped,Superseded by 'Capability Gap Assessment -Ver2' (canonical)
F1,Capability Gap Assessment 2,29,explicitly_skipped,Superseded by 'Capability Gap Assessment -Ver2' (canonical)
F1,Capability Gap Assessment 2,30,explicitly_skipped,Superseded by 'Capability Gap Assessment -Ver2' (canonical)
F1,Capability Gap Assessment 2,31,explicitly_skipped,Superseded by 'Capability Gap Assessment -Ver2' (canonical)
F1,Capability Gap Assessment 2,32,explicitly_skipped,Superseded by 'Capability Gap Assessment -Ver2' (canonical)
F1,Capability Gap Assessment 2,33,explicitly_skipped,Superseded by 'Capability Gap Assessment -Ver2' (canonical)
F1,Capability Gap Assessment 2,34,explicitly_skipped,Superseded by 'Capability Gap Assessment -Ver2' (canonical)
F1,Capability Gap Assessment 2,35,explicitly_skipped,Superseded by 'Capability Gap Assessment -Ver2' (canonical)
F1,Capability Gap Assessment 2,36,explicitly_skipped,Superseded by 'Capability Gap Assessment -Ver2' (canonical)
F1,Capability Gap Assessment 2,37,explicitly_skipped,Superseded by 'Capability Gap Assessment -Ver2' (canonical)
F1,Capability Gap Assessment 2,38,explicitly_skipped,Superseded by 'Capability Gap Assessment -Ver2' (canonical)
F1,Capability Gap Assessment 2,39,explicitly_skipped,Superseded by 'Capability Gap Assessment -Ver2' (canonical)
F1,Capability Gap Assessment 2,40,explicitly_skipped,Superseded by 'Capability Gap Assessment -Ver2' (canonical)
F1,Capability Gap Assessment 2,41,explicitly_skipped,Superseded by 'Capability Gap Assessment -Ver2' (canonical)
F1,Capability Gap Assessment 2,42,explicitly_skipped,Superseded by 'Capability Gap Assessment -Ver2' (canonical)
F1,Capability Gap Assessment 2,43,explicitly_skipped,Superseded by 'Capability Gap Assessment -Ver2' (canonical)
F1,Capability Gap Assessment 2,44,explicitly_skipped,Superseded by 'Capability Gap Assessment -Ver2' (canonical)
F1,Capability Gap Assessment 2,45,explicitly_skipped,Superseded by 'Capability Gap Assessment -Ver2' (canonical)
F1,Capability Gap Assessment 2,46,explicitly_skipped,Superseded by 'Capability Gap Assessment -Ver2' (canonical)
F1,Capability Gap Assessment 2,47,explicitly_skipped,Superseded by 'Capability Gap Assessment -Ver2' (canonical)
F1,Capability Gap Assessment 2,48,explicitly_skipped,Superseded by 'Capability Gap Assessment -Ver2' (canonical)
F1,Capability Gap Assessment 2,49,explicitly_skipped,Superseded by 'Capability Gap Assessment -Ver2' (canonical)
F1,Capability Gap Assessment 2,50,explicitly_skipped,Superseded by 'Capability Gap Assessment -Ver2' (canonical)
F1,Capability Gap Assessment 2,51,explicitly_skipped,Superseded by 'Capability Gap Assessment -Ver2' (canonical)
F1,Capability Gap Assessment 2,52,explicitly_skipped,Superseded by 'Capability Gap Assessment -Ver2' (canonical)
F1,Capability Gap Assessment 2,53,explicitly_skipped,Superseded by 'Capability Gap Assessment -Ver2' (canonical)
F1,Capability Gap Assessment 2,54,explicitly_skipped,Superseded by 'Capability Gap Assessment -Ver2' (canonical)
F1,Capability Gap Assessment 2,55,explicitly_skipped,Superseded by 'Capability Gap Assessment -Ver2' (canonical)
F1,Capability Gap Assessment 2,56,empty,
F1,Capability Gap Assessment 2,57,empty,
F1,Capability Gap Assessment 2,58,empty,
F1,Capability Gap Assessment 2,59,empty,
F1,Capability Gap Assessment 2,60,empty,
F1,Capability Gap Assessment 2,61,empty,
F1,Capability Gap Assessment 2,62,empty,
F1,Capability Gap Assessment 2,63,empty,
F1,Capability Gap Assessment 2,64,explicitly_skipped,Superseded by 'Capability Gap Assessment -Ver2' (canonical)
F1,Capability Gap Assessment 2,65,empty,
F1,Capability Gap Assessment 2,66,empty,
F1,Capability Gap Assessment 2,67,empty,
F1,Collated Collaterals List,1,explicitly_skipped,Marketing-collateral URL list; not lead-relevant data
F1,Collated Collaterals List,2,empty,
F1,Collated Collaterals List,3,empty,
F1,Collated Collaterals List,4,explicitly_skipped,Marketing-collateral URL list; not lead-relevant data
F1,Collated Collaterals List,5,explicitly_skipped,Marketing-collateral URL list; not lead-relevant data
F1,Collated Collaterals List,6,explicitly_skipped,Marketing-collateral URL list; not lead-relevant data
F1,Collated Collaterals List,7,explicitly_skipped,Marketing-collateral URL list; not lead-relevant data
F1,Collated Collaterals List,8,explicitly_skipped,Marketing-collateral URL list; not lead-relevant data
F1,Collated Collaterals List,9,explicitly_skipped,Marketing-collateral URL list; not lead-relevant data
F1,Collated Collaterals List,10,explicitly_skipped,Marketing-collateral URL list; not lead-relevant data
F1,Collated Collaterals List,11,explicitly_skipped,Marketing-collateral URL list; not lead-relevant data
F1,Collated Collaterals List,12,explicitly_skipped,Marketing-collateral URL list; not lead-relevant data
F1,Collated Collaterals List,13,explicitly_skipped,Marketing-collateral URL list; not lead-relevant data
F1,Collated Collaterals List,14,explicitly_skipped,Marketing-collateral URL list; not lead-relevant data
F1,Collated Collaterals List,15,explicitly_skipped,Marketing-collateral URL list; not lead-relevant data
F1,Collated Collaterals List,16,explicitly_skipped,Marketing-collateral URL list; not lead-relevant data
F1,Collated Collaterals List,17,explicitly_skipped,Marketing-collateral URL list; not lead-relevant data
F1,Collated Collaterals List,18,explicitly_skipped,Marketing-collateral URL list; not lead-relevant data
F1,Collated Collaterals List,19,explicitly_skipped,Marketing-collateral URL list; not lead-relevant data
F1,Collated Collaterals List,20,explicitly_skipped,Marketing-collateral URL list; not lead-relevant data
F1,Collated Collaterals List,21,explicitly_skipped,Marketing-collateral URL list; not lead-relevant data
F1,Collated Collaterals List,22,explicitly_skipped,Marketing-collateral URL list; not lead-relevant data
F1,Collated Collaterals List,23,explicitly_skipped,Marketing-collateral URL list; not lead-relevant data
F1,Collated Collaterals List,24,explicitly_skipped,Marketing-collateral URL list; not lead-relevant data
F1,Collated Collaterals List,25,explicitly_skipped,Marketing-collateral URL list; not lead-relevant data
F1,Collated Collaterals List,26,explicitly_skipped,Marketing-collateral URL list; not lead-relevant data
F1,Collated Collaterals List,27,explicitly_skipped,Marketing-collateral URL list; not lead-relevant data
F1,Collated Collaterals List,28,explicitly_skipped,Marketing-collateral URL list; not lead-relevant data
F1,Collated Collaterals List,29,explicitly_skipped,Marketing-collateral URL list; not lead-relevant data
F1,Collated Collaterals List,30,explicitly_skipped,Marketing-collateral URL list; not lead-relevant data
F1,Collated Collaterals List,31,explicitly_skipped,Marketing-collateral URL list; not lead-relevant data
F1,Collated Collaterals List,32,explicitly_skipped,Marketing-collateral URL list; not lead-relevant data
F1,Collated Collaterals List,33,explicitly_skipped,Marketing-collateral URL list; not lead-relevant data
F1,Collated Collaterals List,34,explicitly_skipped,Marketing-collateral URL list; not lead-relevant data
F1,Collated Collaterals List,35,explicitly_skipped,Marketing-collateral URL list; not lead-relevant data
F1,Collated Collaterals List,36,explicitly_skipped,Marketing-collateral URL list; not lead-relevant data
F1,Collated Collaterals List,37,explicitly_skipped,Marketing-collateral URL list; not lead-relevant data
F1,Collated Collaterals List,38,explicitly_skipped,Marketing-collateral URL list; not lead-relevant data
F1,Collated Collaterals List,39,explicitly_skipped,Marketing-collateral URL list; not lead-relevant data
F1,Collated Collaterals List,40,explicitly_skipped,Marketing-collateral URL list; not lead-relevant data
F1,Collated Collaterals List,41,explicitly_skipped,Marketing-collateral URL list; not lead-relevant data
F1,Collated Collaterals List,42,explicitly_skipped,Marketing-collateral URL list; not lead-relevant data
F1,Collated Collaterals List,43,explicitly_skipped,Marketing-collateral URL list; not lead-relevant data
F1,Collated Collaterals List,44,explicitly_skipped,Marketing-collateral URL list; not lead-relevant data
F1,Collated Collaterals List,45,explicitly_skipped,Marketing-collateral URL list; not lead-relevant data
F1,Collated Collaterals List,46,explicitly_skipped,Marketing-collateral URL list; not lead-relevant data
F1,Collated Collaterals List,47,explicitly_skipped,Marketing-collateral URL list; not lead-relevant data
F1,Reference Tab - Do not Delete,1,explicitly_skipped,Lookup ranges; reference data only
F1,Reference Tab - Do not Delete,2,explicitly_skipped,Lookup ranges; reference data only
F1,Reference Tab - Do not Delete,3,explicitly_skipped,Lookup ranges; reference data only
F1,Reference Tab - Do not Delete,4,explicitly_skipped,Lookup ranges; reference data only
F1,Reference Tab - Do not Delete,5,explicitly_skipped,Lookup ranges; reference data only
F1,Reference Tab - Do not Delete,6,explicitly_skipped,Lookup ranges; reference data only
F1,Reference Tab - Do not Delete,7,explicitly_skipped,Lookup ranges; reference data only
F1,Reference Tab - Do not Delete,8,explicitly_skipped,Lookup ranges; reference data only
F1,Reference Tab - Do not Delete,9,explicitly_skipped,Lookup ranges; reference data only
F1,Reference Tab - Do not Delete,10,explicitly_skipped,Lookup ranges; reference data only
F1,Reference Tab - Do not Delete,11,explicitly_skipped,Lookup ranges; reference data only
F1,Reference Tab - Do not Delete,12,explicitly_skipped,Lookup ranges; reference data only
F1,Reference Tab - Do not Delete,13,explicitly_skipped,Lookup ranges; reference data only
F1,Reference Tab - Do not Delete,14,empty,
F1,Reference Tab - Do not Delete,15,empty,
F1,Reference Tab - Do not Delete,16,empty,
F1,Reference Tab - Do not Delete,17,empty,
F1,Reference Tab - Do not Delete,18,empty,
F1,Reference Tab - Do not Delete,19,empty,
F1,Reference Tab - Do not Delete,20,explicitly_skipped,Lookup ranges; reference data only
F1,Reference Tab - Do not Delete,21,explicitly_skipped,Lookup ranges; reference data only
F1,Reference Tab - Do not Delete,22,explicitly_skipped,Lookup ranges; reference data only
F1,Reference Tab - Do not Delete,23,explicitly_skipped,Lookup ranges; reference data only
F1,Reference Tab - Do not Delete,24,explicitly_skipped,Lookup ranges; reference data only
F1,Reference Tab - Do not Delete,25,explicitly_skipped,Lookup ranges; reference data only
F1,Reference Tab - Do not Delete,26,explicitly_skipped,Lookup ranges; reference data only
F1,Reference Tab - Do not Delete,27,explicitly_skipped,Lookup ranges; reference data only
F1,Reference Tab - Do not Delete,28,explicitly_skipped,Lookup ranges; reference data only
F1,Reference Tab - Do not Delete,29,explicitly_skipped,Lookup ranges; reference data only
F1,Reference Tab - Do not Delete,30,explicitly_skipped,Lookup ranges; reference data only
F1,Reference Tab - Do not Delete,31,explicitly_skipped,Lookup ranges; reference data only
F1,Reference Tab - Do not Delete,32,empty,
F1,Reference Tab - Do not Delete,33,empty,
F1,Reference Tab - Do not Delete,34,explicitly_skipped,Lookup ranges; reference data only
F1,Reference Tab - Do not Delete,35,explicitly_skipped,Lookup ranges; reference data only
F1,Reference Tab - Do not Delete,36,explicitly_skipped,Lookup ranges; reference data only
F1,Reference Tab - Do not Delete,37,explicitly_skipped,Lookup ranges; reference data only
F1,Reference Tab - Do not Delete,38,explicitly_skipped,Lookup ranges; reference data only
F1,Reference Tab - Do not Delete,39,explicitly_skipped,Lookup ranges; reference data only
F1,Reference Tab - Do not Delete,40,explicitly_skipped,Lookup ranges; reference data only
F1,Reference Tab - Do not Delete,41,explicitly_skipped,Lookup ranges; reference data only
F1,Reference Tab - Do not Delete,42,explicitly_skipped,Lookup ranges; reference data only
F1,Consolidated Solutions,1,explicitly_skipped,Near-duplicate of 'P&C Solutions List' (canonical)
F1,Consolidated Solutions,2,explicitly_skipped,Near-duplicate of 'P&C Solutions List' (canonical)
F1,Consolidated Solutions,3,explicitly_skipped,Near-duplicate of 'P&C Solutions List' (canonical)
F1,Consolidated Solutions,4,explicitly_skipped,Near-duplicate of 'P&C Solutions List' (canonical)
F1,Consolidated Solutions,5,explicitly_skipped,Near-duplicate of 'P&C Solutions List' (canonical)
F1,Consolidated Solutions,6,explicitly_skipped,Near-duplicate of 'P&C Solutions List' (canonical)
F1,Consolidated Solutions,7,explicitly_skipped,Near-duplicate of 'P&C Solutions List' (canonical)
F1,Consolidated Solutions,8,explicitly_skipped,Near-duplicate of 'P&C Solutions List' (canonical)
F1,Consolidated Solutions,9,explicitly_skipped,Near-duplicate of 'P&C Solutions List' (canonical)
F1,Consolidated Solutions,10,explicitly_skipped,Near-duplicate of 'P&C Solutions List' (canonical)
F1,Consolidated Solutions,11,explicitly_skipped,Near-duplicate of 'P&C Solutions List' (canonical)
F1,Consolidated Solutions,12,explicitly_skipped,Near-duplicate of 'P&C Solutions List' (canonical)
F1,Consolidated Solutions,13,explicitly_skipped,Near-duplicate of 'P&C Solutions List' (canonical)
F1,Consolidated Solutions,14,explicitly_skipped,Near-duplicate of 'P&C Solutions List' (canonical)
F1,Consolidated Solutions,15,explicitly_skipped,Near-duplicate of 'P&C Solutions List' (canonical)
F1,Consolidated Solutions,16,explicitly_skipped,Near-duplicate of 'P&C Solutions List' (canonical)
F1,Consolidated Solutions,17,explicitly_skipped,Near-duplicate of 'P&C Solutions List' (canonical)
F1,Consolidated Solutions,18,empty,
F1,Consolidated Solutions,19,explicitly_skipped,Near-duplicate of 'P&C Solutions List' (canonical)
F1,Consolidated Solutions,20,explicitly_skipped,Near-duplicate of 'P&C Solutions List' (canonical)
F1,Consolidated Solutions,21,explicitly_skipped,Near-duplicate of 'P&C Solutions List' (canonical)
F1,Consolidated Solutions,22,explicitly_skipped,Near-duplicate of 'P&C Solutions List' (canonical)
F1,Consolidated Solutions,23,explicitly_skipped,Near-duplicate of 'P&C Solutions List' (canonical)
F1,Consolidated Solutions,24,explicitly_skipped,Near-duplicate of 'P&C Solutions List' (canonical)
F1,Consolidated Solutions,25,explicitly_skipped,Near-duplicate of 'P&C Solutions List' (canonical)
F1,Consolidated Solutions,26,explicitly_skipped,Near-duplicate of 'P&C Solutions List' (canonical)
F1,Consolidated Solutions,27,explicitly_skipped,Near-duplicate of 'P&C Solutions List' (canonical)
F1,Consolidated Solutions,28,empty,
F1,Consolidated Solutions,29,explicitly_skipped,Near-duplicate of 'P&C Solutions List' (canonical)
F1,Consolidated Solutions,30,explicitly_skipped,Near-duplicate of 'P&C Solutions List' (canonical)
F1,Consolidated Solutions,31,explicitly_skipped,Near-duplicate of 'P&C Solutions List' (canonical)
F1,Consolidated Solutions,32,explicitly_skipped,Near-duplicate of 'P&C Solutions List' (canonical)
F1,Consolidated Solutions,33,empty,
F1,Consolidated Solutions,34,explicitly_skipped,Near-duplicate of 'P&C Solutions List' (canonical)
F1,Consolidated Solutions,35,empty,
F1,Consolidated Solutions,36,empty,
F1,Consolidated Solutions,37,empty,
F1,Consolidated Solutions,38,explicitly_skipped,Near-duplicate of 'P&C Solutions List' (canonical)
F1,Consolidated Solutions,39,explicitly_skipped,Near-duplicate of 'P&C Solutions List' (canonical)
F1,Consolidated Solutions,40,explicitly_skipped,Near-duplicate of 'P&C Solutions List' (canonical)
F1,Consolidated Solutions,41,explicitly_skipped,Near-duplicate of 'P&C Solutions List' (canonical)
F1,Consolidated Solutions,42,empty,
F1,Consolidated Solutions,43,explicitly_skipped,Near-duplicate of 'P&C Solutions List' (canonical)
F1,Consolidated Solutions,44,empty,
F1,Consolidated Solutions,45,empty,
F1,Consolidated Solutions,46,empty,
F1,Consolidated Solutions,47,empty,
F1,Consolidated Solutions,48,empty,
F1,Consolidated Solutions,49,explicitly_skipped,Near-duplicate of 'P&C Solutions List' (canonical)
F1,Consolidated Solutions,50,explicitly_skipped,Near-duplicate of 'P&C Solutions List' (canonical)
F1,Consolidated Solutions,51,empty,
F1,Consolidated Solutions,52,explicitly_skipped,Near-duplicate of 'P&C Solutions List' (canonical)
F1,Consolidated Solutions,53,explicitly_skipped,Near-duplicate of 'P&C Solutions List' (canonical)
F1,Consolidated Solutions,54,explicitly_skipped,Near-duplicate of 'P&C Solutions List' (canonical)
F1,Consolidated Solutions,55,explicitly_skipped,Near-duplicate of 'P&C Solutions List' (canonical)
F1,Consolidated Solutions,56,explicitly_skipped,Near-duplicate of 'P&C Solutions List' (canonical)
F1,Consolidated Solutions,57,explicitly_skipped,Near-duplicate of 'P&C Solutions List' (canonical)
F1,Consolidated Solutions,58,explicitly_skipped,Near-duplicate of 'P&C Solutions List' (canonical)
F1,White Spaces - Experience,1,explicitly_skipped,Empty scaffold grid (no data filled in)
F1,White Spaces - Experience,2,explicitly_skipped,Empty scaffold grid (no data filled in)
F1,White Spaces - Experience,3,explicitly_skipped,Empty scaffold grid (no data filled in)
F1,White Spaces - Experience,4,explicitly_skipped,Empty scaffold grid (no data filled in)
F1,White Spaces - Experience,5,explicitly_skipped,Empty scaffold grid (no data filled in)
F1,White Spaces - Experience,6,explicitly_skipped,Empty scaffold grid (no data filled in)
F1,White Spaces - Experience,7,explicitly_skipped,Empty scaffold grid (no data filled in)
F1,White Spaces - Experience,8,explicitly_skipped,Empty scaffold grid (no data filled in)
F1,White Spaces - Experience,9,explicitly_skipped,Empty scaffold grid (no data filled in)
F1,White Spaces - Experience,10,explicitly_skipped,Empty scaffold grid (no data filled in)
F1,White Spaces - Experience,11,explicitly_skipped,Empty scaffold grid (no data filled in)
F1,White Spaces - Experience,12,explicitly_skipped,Empty scaffold grid (no data filled in)
F1,White Spaces - Experience,13,explicitly_skipped,Empty scaffold grid (no data filled in)
F1,White Spaces - Experience,14,explicitly_skipped,Empty scaffold grid (no data filled in)
F1,White Spaces - Experience,15,explicitly_skipped,Empty scaffold grid (no data filled in)
F1,White Spaces - Experience,16,explicitly_skipped,Empty scaffold grid (no data filled in)
F1,White Spaces - Experience,17,explicitly_skipped,Empty scaffold grid (no data filled in)
F1,White Spaces - Experience,18,explicitly_skipped,Empty scaffold grid (no data filled in)
F1,White Spaces - Experience,19,explicitly_skipped,Empty scaffold grid (no data filled in)
F1,White Spaces - Experience,20,explicitly_skipped,Empty scaffold grid (no data filled in)
F1,White Spaces - Experience,21,explicitly_skipped,Empty scaffold grid (no data filled in)
F1,White Spaces - Experience,22,explicitly_skipped,Empty scaffold grid (no data filled in)
F1,White Spaces - Experience,23,explicitly_skipped,Empty scaffold grid (no data filled in)
F1,Solution Evaluation Criteria,1,explicitly_skipped,"Empty stub (only Home link, 1x1)"
