client_canonical,name_raw,cid,type,nwp_2019,pct_change,rank_2019,geography,combined_ratio,relationship_type,growth_leader,ce,ceo,cfo,cro,cco,coo,cio_cto,cuo,outsource,exl_competitors_freetext,year_flag,exl_client,exl_share_of_wallet,competition_account,renewal_timeframe,future_tcv,client_priority_rating,source_file,source_sheet,source_row,file_vintage,captured_date,ingestion_date
State Farm,State Farm Group,1,Carrier,65100455000,-0.006,1,US,98.7,Named,Mohit,Mohit,Bruce Hull,Connie Storey,Cathy Wallace,Terrence Ludwig,Cleo Villaflores,Ashley Pettit,,Yes,Wipro,,,,,,,,F1,Top Insurers and Brokers,7,2020-08-03,2020-08-03,2026-05-27
Berkshire Hathaway,Berkshire Hathaway Ins,2,Carrier,53754763000,0.079,2,US,,,,,,,,,,,,,,,,,,,,,F1,Top Insurers and Brokers,8,2020-08-03,2020-08-03,2026-05-27
Progressive,Progressive Ins Group,3,Carrier,37578689000,0.152,3,US,,,,,,,,,,,,,,,Yes,,,,,,F1,Top Insurers and Brokers,9,2020-08-03,2020-08-03,2026-05-27
Allstate,Allstate Ins Group,4,Carrier,34038467000,0.054,4,US,85,Strategic,Roopak,Amit Gaba,Tom Wilson,Mario Rizzo,Mark Prindiville,Eric Brandt,Glenn Shapiro,Suren Gupta,,Yes,"Genpact, Fractal",Perpetual MSA,Yes,Medium,Yes,,,,F1,Top Insurers and Brokers,10,2020-08-03,2020-08-03,2026-05-27
Liberty Mutual,Liberty Mutual Ins Cos,5,Carrier,32268379000,0.014,5,US,101.7,Named,Nikhil,Kuldeep,David H. Long,Christopher Pierce,,,,James McGlennon,,Yes,CTS,,Yes,Medium,Yes,,,,F1,Top Insurers and Brokers,11,2020-08-03,2020-08-03,2026-05-27
Travelers Group,Travelers Group,6,Carrier,27214083000,0.055,6,US,96.5,Named,Sean,Sean,Alan Schnitzer,Dan Frey,Bruce Jones,Nicolas Seminara,Mojgan Lefebvre,Mojgan Lefebvre,Rick Schug,Yes,"CTS, WNS, Genpact",2021,,,,,,,F1,Top Insurers and Brokers,12,2020-08-03,2020-08-03,2026-05-27
USAA,USAA Group   ,7,Carrier,22981339000,0.069,7,US,82.8,Named,Sean,Sean,Wayne Peacock,Laura Bishop,Torben Ostergaard,Sean Burgess,,Michael Brady,,Yes,TCS,,Yes,,,,,,F1,Top Insurers and Brokers,13,2020-08-03,2020-08-03,2026-05-27
Chubb,Chubb INA Group  ,8,Carrier,18249079000,-0.067,8,US,,,,,,,,,,,,,,,Yes,,,,,,F1,Top Insurers and Brokers,14,2020-08-03,2020-08-03,2026-05-27
Nationwide,Nationwide Group   ,9,Carrier,17992806000,-0.008,9,US,94,Named,Mohit,Mohit,Kirt Walker,Mark Thresher,Klaus Diem,Sandra Rich,Mark Berven,James Fowler,,Yes,"CTS, Genpact","Mid 2021, 2022",,,,,,,F1,Top Insurers and Brokers,15,2020-08-03,2020-08-03,2026-05-27
Amer Intl Group,Amer Intl Group   ,10,Carrier,14825888000,0.015,10,US,,,,,,,,,,,,Yes,CTS,,,,,,,,F1,Top Insurers and Brokers,16,2020-08-03,2020-08-03,2026-05-27
Farmers Ins Group,Farmers Ins Group   ,11,Carrier,14483557000,0.033,11,US,,Named,Sean,Sean,Jeff Dailey,Scott Lindquist,,Rob Howard,,Paul Wilson,,Yes,,,Yes,,,,,,F1,Top Insurers and Brokers,17,2020-08-03,2020-08-03,2026-05-27
Hartford,Hartford Ins Group  ,12,Carrier,11871251000,0.032,12,US,94,Strategic,Saju,Kuldeep,Chris Swift,Beth Costello,Robert Paiano,John Kinney,Bill Bloom,Bill Bloom,Ross Fisher,Yes,CTS,2024-12-01 00:00:00,Yes,Medium,Yes,,,,F1,Top Insurers and Brokers,18,2020-08-03,2020-08-03,2026-05-27
Amer Family Ins Group,Amer Family Ins Group,13,Carrier,11841650000,0.043,13,US,105.7,Named,Sean,Sean,Jack Charles Salzwedel,Dan Kelly,Joseph Gates,Scott Little, ,Kristen Kirkconnel,,Yes,,,Yes,,,,,,F1,Top Insurers and Brokers,19,2020-08-03,2020-08-03,2026-05-27
Auto-Owners Ins Group,Auto-Owners Ins Group  ,14,Carrier,8585830000,0.074,14,US,,,,,,,,,,,,,,,Yes,,,,,,F1,Top Insurers and Brokers,20,2020-08-03,2020-08-03,2026-05-27
Fairfax Financial (USA) Group,Fairfax Financial (USA) Group ,15,Carrier,7632626000,0.098,17,US,,,,,,,,,,,,,,,,,,,,,F1,Top Insurers and Brokers,21,2020-08-03,2020-08-03,2026-05-27
Erle Ins Group,Erle Ins Group   ,16,Carrier,7478390000,0.055,16,US,,,,,,,,,,,,,,,,,,,,,F1,Top Insurers and Brokers,22,2020-08-03,2020-08-03,2026-05-27
Tokio Marina US PC Group,Tokio Marina US PC Group,17,Carrier,7083699000,0.052,19,US,,,,,,,,,,,,,,,Yes,,,,,,F1,Top Insurers and Brokers,23,2020-08-03,2020-08-03,2026-05-27
CNA,CNA Ins Cos  ,18,Carrier,6953530000,0.059,20,US,94.8,Strategic,Saju,Roopak,Dino Robusto,Al Miralles,,Daniel Franzetti,Kevin Leidwinger,Michael Costonis,Douglas M. Worman,Yes,,2022-01-01 00:00:00,Yes,Medium,Yes,,,,F1,Top Insurers and Brokers,24,2020-08-03,2020-08-03,2026-05-27
Munich-Amer Hldg Corp Cos,Munich-Amer Hldg Corp Cos ,19,Carrier,6639450000,-0.025,18,US,101,Named,Mohit,Mohit,Dave Brune,Oliver J. Horbelt/Angela Homm,Catherine Smith,JannaLyn Allen,Anita Kuchma,Phil Roeper,,Yes,"Wipro,Capgemini","Sep, 2022 (with Wipro) and 23rd July 2020 with Capgemini",,,,,,,F1,Top Insurers and Brokers,25,2020-08-03,2020-08-03,2026-05-27
W. R. Berkley Ins Group,W. R. Berkley Ins Group ,20,Carrier,6131338000,0.071,21,US,,,,,,,,,,,,,,,,,,,,,F1,Top Insurers and Brokers,26,2020-08-03,2020-08-03,2026-05-27
Everest,Everest Re US Group ,21,Carrier,5797634000,0.148,22,US,88.7,Named,Sean,Sean,Mike Karmilowicz,Dana Lodge,"Bill Thygeson, CAO",Patricia Mcmahon,Mike Mulray,Owen Williams,Open,Yes,None,2023,Yes,,,,,,F1,Top Insurers and Brokers,27,2020-08-03,2020-08-03,2026-05-27
Cincinnati Ins Cos,Cincinnati Ins Cos  ,22,Carrier,5379896000,0.069,23,US,,,,,,,,,,,,,,,,,,,,,F1,Top Insurers and Brokers,28,2020-08-03,2020-08-03,2026-05-27
Alleghany Corp Group,Alleghany Corp Group  ,23,Carrier,5344634000,0.145,24,US,,,,,,,,,,,,,,,,,,,,,F1,Top Insurers and Brokers,29,2020-08-03,2020-08-03,2026-05-27
Great Amer P&C Ins Group,Great Amer P&C Ins Group,24,Carrier,4689656000,0.079,26,US,93.7,Named,Sean,Sean,"Carl Lindnor, Craig Lindnor",Jeff Consolino,,,Gary Gruber,Chad Stewart,,Yes,,,,,,,,,F1,Top Insurers and Brokers,30,2020-08-03,2020-08-03,2026-05-27
Hanover Insurance Group,Hanover Ins Group Prop & Cas Cos,25,Carrier,4580867000,0.042,25,US,95.6,Strategic,Saju,Aditya Chaturvedi,"John ""Jack"" Roche",Jeff Farber,Catherine Eska,Mark Welzenbach,"Gayle Falvey - CL
Michele Streton - PL",Mark Berthiaume,Chip Hamann (Small Commercial),Yes,"CTS, NTT, PWC",2021-12-01 00:00:00,Yes,Medium,Yes,,,,F1,Top Insurers and Brokers,31,2020-08-03,2020-08-03,2026-05-27
Auto Club Enterprises Ins Group,Auto Club Enterprises Ins Group,26,Carrier,4546591000,0.053,27,US,,,,,,,,,,,,,,,,,,,,,F1,Top Insurers and Brokers,32,2020-08-03,2020-08-03,2026-05-27
Allianz US PC Ins Companies,Allianz US PC Ins Companies,27,Carrier,4091021000,0.536,40,US,,,,,,,,,,,,,,,,,,,,,F1,Top Insurers and Brokers,33,2020-08-03,2020-08-03,2026-05-27
Kemper,Kemper PC Companies,28,Carrier,4042228000,0.085,30,US,93,Named,Roopak,Amit Gaba,Joe Lacher,Jim McKinney,Max Mindak,Kim Leggette,Duane Sanders,Charles Brooks,,Yes,Accenture,2021-01-01 00:00:00,Yes,Medium,Yes,,,,F1,Top Insurers and Brokers,34,2020-08-03,2020-08-03,2026-05-27
CSAA Ins Group,CSAA Ins Group,29,Carrier,4031220000,0.015,28,US,,,,,,,,,,,,,,,,,,,,,F1,Top Insurers and Brokers,35,2020-08-03,2020-08-03,2026-05-27
FM Global Group,FM Global Group,30,Carrier,4007616000,0.10400000000000001,32,US,,,,,,,,,,,,,,,,,,,,,F1,Top Insurers and Brokers,36,2020-08-03,2020-08-03,2026-05-27
Markel Corp Group,Markel Corp Group,31,Carrier,3809277000,0.21600000000000003,36,US,,,,,,,,,,,,,,,,,,,,,F1,Top Insurers and Brokers,37,2020-08-03,2020-08-03,2026-05-27
MetLife,MetLife Auto & Home Group,32,Carrier,3797476000,0.02,31,US,,,,,,,,,,,,,,,Yes,,,,,,F1,Top Insurers and Brokers,38,2020-08-03,2020-08-03,2026-05-27
Mercury Gen Group,Mercury Gen Group,33,Carrier,3690508000,0.067,34,US,,,,,,,,,,,,,,,,,,,,,F1,Top Insurers and Brokers,39,2020-08-03,2020-08-03,2026-05-27
Zurich,Zurich Ins US PC Group,34,Carrier,3657532000,-0.067,29,US,96.4,Strategic,Roopak,Raish Malik,Kathleen Savio,Peter Hirs,Colleen Zitt,Paul Lavelle,Anurag Batta,Mark Knipfer,Brandin Fick,Yes,"CTS, Genpact, Mphasis,Hinduja",2022-01-01 00:00:00,Yes,Medium,Yes,,,,F1,Top Insurers and Brokers,40,2020-08-03,2020-08-03,2026-05-27
Assurant,Assurant US PC Companies,35,Carrier,3000087000,-0.067,35,US,,Strategic,Roopak,Dushyant,,,,,,,,,,,Yes,,,,,,F1,Top Insurers and Brokers,41,2020-08-03,2020-08-03,2026-05-27
QBE North America Ins Group,QBE North America Ins Group,36,Carrier,2937088000,0.048,38,US,,,,,,,,,,,,Yes,,,Yes,,,,,,F1,Top Insurers and Brokers,42,2020-08-03,2020-08-03,2026-05-27
Arch Ins Group,Arch Ins Group,37,Carrier,2908209000,-0.002,37,US,,,,,,,,,,,,,,,,,,,,,F1,Top Insurers and Brokers,43,2020-08-03,2020-08-03,2026-05-27
Selective Ins Group,Selective Ins Group,38,Carrier,2679424000,0.066,41,US,,,,,,,,,,,,,,,,,,,,,F1,Top Insurers and Brokers,44,2020-08-03,2020-08-03,2026-05-27
Old Republic Ins Group,Old Republic Ins Group,39,Carrier,2670167000,-0.01,39,US,,,,,,,,,,,,,,,,,,,,,F1,Top Insurers and Brokers,45,2020-08-03,2020-08-03,2026-05-27
COUNTRY Financial PC Group,COUNTRY Financial PC Group,40,Carrier,2564827000,0.069,44,US,,,,,,,,,,,,,,,,,,,,,F1,Top Insurers and Brokers,46,2020-08-03,2020-08-03,2026-05-27
Natl Gen Companies,Natl Gen Companies,41,Carrier,2494927000,0.113,50,US,,,,,,,,,,,,,,,Yes,,,,,,F1,Top Insurers and Brokers,47,2020-08-03,2020-08-03,2026-05-27
Auto Club Group,Auto Club Group,42,Carrier,2473773000,0.03,43,US,,,,,,,,,,,,,,,,,,,,,F1,Top Insurers and Brokers,48,2020-08-03,2020-08-03,2026-05-27
AXA U.S. Group,AXA U.S. Group,43,Carrier,2441804000,-0.303,33,US,,,,,,,,,,,,,,,,,,,,,F1,Top Insurers and Brokers,49,2020-08-03,2020-08-03,2026-05-27
Sentry Ins Group,Sentry Ins Group,44,Carrier,2440418000,0.067,47,US,,,,,,,,,,,,,,,,,,,,,F1,Top Insurers and Brokers,50,2020-08-03,2020-08-03,2026-05-27
Amica Mutual Group,Amica Mutual Group,45,Carrier,2294966000,-0.033,45,US,,,,,,,,,,,,,,,,,,,,,F1,Top Insurers and Brokers,51,2020-08-03,2020-08-03,2026-05-27
Sompo Hldgs US Group,Sompo Hldgs US Group,46,Carrier,2264197000,-0.019,46,US,,,,,,,,,,,,,,,,,,,,,F1,Top Insurers and Brokers,52,2020-08-03,2020-08-03,2026-05-27
PartnerRe US Group,PartnerRe US Group,47,Carrier,2142127000,0.35600000000000004,57,US,,,,,,,,,,,,,,,,,,,,,F1,Top Insurers and Brokers,53,2020-08-03,2020-08-03,2026-05-27
AmTrust,AmTrust Group,48,Carrier,2083893000,-0.165,42,US,,,,,,,,,,,,,,,Yes,,,,,,F1,Top Insurers and Brokers,54,2020-08-03,2020-08-03,2026-05-27
State Auto Ins Cos,State Auto Ins Cos,49,Carrier,2027918000,0.08900000000000001,54,US,,,,,,,,,,,,,,,,,,,,,F1,Top Insurers and Brokers,55,2020-08-03,2020-08-03,2026-05-27
Swiss Re,Swiss Reins Group,50,Carrier,2023929000,-0.722,15,US,107,Named,Mohit,Mohit,J.Eric Smith,Brian Rosenblum,Stefanie Stratos,Thomas Hyatte,Rich Agar,Prashanthi Roy /Pravina Ladva,,Yes,"CSC, Genpact, TCS","2021 (They have multiple BPO, automation and analytics partner)",Yes,,,,,,F1,Top Insurers and Brokers,56,2020-08-03,2020-08-03,2026-05-27
NJM Ins Group,NJM Ins Group,51,Carrier,2006683000,0.016,52,US,,,,,,,,,,,,,,,,,,,,,F1,Top Insurers and Brokers,57,2020-08-03,2020-08-03,2026-05-27
State Ins Fund WC Fund,State Ins Fund WC Fund,52,Carrier,1996372000,-0.115,49,US,,,,,,,,,,,,,,,,,,,,,F1,Top Insurers and Brokers,58,2020-08-03,2020-08-03,2026-05-27
AXIS US Operations,AXIS US Operations,53,Carrier,1932319000,-0.14800000000000002,48,US,107.3,Named,Sean,Sean,Albert Benchimol,Pete Vogt,Ben Rubin,Mike Baumel,Rob Hartman,Keith Schlosser,Eric Gesick,Yes,"Genpact, Infosys",2022,Yes,,,,,,F1,Top Insurers and Brokers,59,2020-08-03,2020-08-03,2026-05-27
EMC lns Cos,EMC lns Cos,54,Carrier,1910680000,0.015,53,US,,,,,,,,,,,,,,,,,,,,,F1,Top Insurers and Brokers,60,2020-08-03,2020-08-03,2026-05-27
Shelter Ins cos,Shelter Ins cos,55,Carrier,1907802000,0.040999999999999995,56,US,,,,,,,,,,,,,,,,,,,,,F1,Top Insurers and Brokers,61,2020-08-03,2020-08-03,2026-05-27
MAPFRE,MAPFRE North America Group,56,Carrier,1863845000,-0.162,51,US,97.6,Named,Mohit,Mohit,Alexis Sanchez Geigel,Francois Facon,Dana Whiteley,Christopher Matherly,Scott Hammond,Gregg Nickerson,,Yes,WNS,,,,,,,,F1,Top Insurers and Brokers,62,2020-08-03,2020-08-03,2026-05-27
SCOR US Group,SCOR US Group,57,Carrier,1848964000,0.289,62,US,,,,,,,,,,,,,,,,,,,,,F1,Top Insurers and Brokers,63,2020-08-03,2020-08-03,2026-05-27
Westfield Group,Westfield Group,58,Carrier,1803649000,-0.017,55,US,,,,,,,,,,,,,,,,,,,,,F1,Top Insurers and Brokers,64,2020-08-03,2020-08-03,2026-05-27
Federated Mutual Group,Federated Mutual Group,59,Carrier,1649373000,0.115,60,US,,,,,,,,,,,,,,,,,,,,,F1,Top Insurers and Brokers,65,2020-08-03,2020-08-03,2026-05-27
AF Group,AF Group,60,Carrier,1617767000,0.08199999999999999,58,US,,,,,,,,,,,,,,,,,,,,,F1,Top Insurers and Brokers,66,2020-08-03,2020-08-03,2026-05-27
"Acuity, A Mutual Ins Co","Acuity, A Mutual Ins Co",61,Carrier,1582349000,0.078,61,US,,,,,,,,,,,,,,,,,,,,,F1,Top Insurers and Brokers,67,2020-08-03,2020-08-03,2026-05-27
Southern Farm Bureau Cas Group,Southern Farm Bureau Cas Group,62,Carrier,1509107000,0.013000000000000001,59,US,,,,,,,,,,,,,,,,,,,,,F1,Top Insurers and Brokers,68,2020-08-03,2020-08-03,2026-05-27
Amer Natl Prop & Cas Group,Amer Natl Prop & Cas Group,63,Carrier,1430047000,0.047,85,US,,,,,,,,,,,,,,,,,,,,,F1,Top Insurers and Brokers,69,2020-08-03,2020-08-03,2026-05-27
Farm Bureau P&C Group,Farm Bureau P&C Group,64,Carrier,1417693000,0.023,63,US,,,,,,,,,,,,,,,,,,,,,F1,Top Insurers and Brokers,70,2020-08-03,2020-08-03,2026-05-27
TN Farmers Ins Cos,TN Farmers Ins Cos,65,Carrier,1413657000,0.032,64,US,,,,,,,,,,,,,,,,,,,,,F1,Top Insurers and Brokers,71,2020-08-03,2020-08-03,2026-05-27
Alfa Ins Group,Alfa Ins Group,66,Carrier,1326984000,-0.024,66,US,,,,,,,,,,,,,,,,,,,,,F1,Top Insurers and Brokers,72,2020-08-03,2020-08-03,2026-05-27
West Bend Mutual Ins Co,West Bend Mutual Ins Co,67,Carrier,1275968000,0.091,71,US,,,,,,,,,,,,,,,,,,,,,F1,Top Insurers and Brokers,73,2020-08-03,2020-08-03,2026-05-27
Grange Ins Pool,Grange Ins Pool,68,Carrier,1274202000,0.059000000000000004,70,US,,,,,,,,,,,,,,,,,,,,,F1,Top Insurers and Brokers,74,2020-08-03,2020-08-03,2026-05-27
Texas Farm Bureau Group,Texas Farm Bureau Group,69,Carrier,1254578000,0.039,69,US,,,,,,,,,,,,,,,,,,,,,F1,Top Insurers and Brokers,75,2020-08-03,2020-08-03,2026-05-27
IAT Ins Group,IAT Ins Group,70,Carrier,1238639000,0.16,75,US,,,,,,,,,,,,,,,,,,,,,F1,Top Insurers and Brokers,76,2020-08-03,2020-08-03,2026-05-27
Intact US Ins Group,Intact US Ins Group,71,Carrier,1202199000,0.067,73,US,,,,,,,,,,,,,,,,,,,,,F1,Top Insurers and Brokers,77,2020-08-03,2020-08-03,2026-05-27
State Compensation Ins Fund,State Compensation Ins Fund,72,Carrier,1191289000,-0.10099999999999999,88,US,,,,,,,,,,,,,,,,,,,,,F1,Top Insurers and Brokers,78,2020-08-03,2020-08-03,2026-05-27
ICW Pool,ICW Pool,73,Carrier,1142082000,0.149,80,US,,,,,,,,,,,,,,,,,,,,,F1,Top Insurers and Brokers,79,2020-08-03,2020-08-03,2026-05-27
Utica Natl Ins Group,Utica Natl Ins Group,74,Carrier,1131097000,0.08800000000000001,78,US,,,,,,,,,,,,,,,,,,,,,F1,Top Insurers and Brokers,80,2020-08-03,2020-08-03,2026-05-27
TX Mutual Ins Co,TX Mutual Ins Co,75,Carrier,1107238000,-0.035,72,US,,,,,,,,,,,,,,,,,,,,,F1,Top Insurers and Brokers,81,2020-08-03,2020-08-03,2026-05-27
United Fire & Cas Group,United Fire & Cas Group,76,Carrier,1096730000,0.033,76,US,,,,,,,,,,,,,,,,,,,,,F1,Top Insurers and Brokers,82,2020-08-03,2020-08-03,2026-05-27
Encova Mutual Ins Group,Encova Mutual Ins Group,77,Carrier,1092778000,0.013000000000000001,74,US,,,,,,,,,,,,,,,,,,,,,F1,Top Insurers and Brokers,83,2020-08-03,2020-08-03,2026-05-27
Argo Group,Argo Group,78,Carrier,1090173000,0.207,84,US,,,,,,,,,,,,,,,,,,,,,F1,Top Insurers and Brokers,84,2020-08-03,2020-08-03,2026-05-27
KY Fann Bureau Group,KY Fann Bureau Group,79,Carrier,1059496000,0.002,77,US,,,,,,,,,,,,,,,,,,,,,F1,Top Insurers and Brokers,85,2020-08-03,2020-08-03,2026-05-27
Radian Group,Radian Group,80,Carrier,1057681000,0.067,81,US,,,,,,,,,,,,,,,,,,,,,F1,Top Insurers and Brokers,86,2020-08-03,2020-08-03,2026-05-27
Mortgage Guar Group,Mortgage Guar Group,81,Carrier,1001148000,0.006,79,US,,,,,,,,,,,,,,,,,,,,,F1,Top Insurers and Brokers,87,2020-08-03,2020-08-03,2026-05-27
Aspen,Aspen US Ins Group,82,Carrier,937992000,0.995,127,US,,,,,,,,,,,,,,,,,,,,,F1,Top Insurers and Brokers,88,2020-08-03,2020-08-03,2026-05-27
CUMIS Ins Society Group,CUMIS Ins Society Group,83,Carrier,930654000,0.003,82,US,,,,,,,,,,,,,,,,,,,,,F1,Top Insurers and Brokers,89,2020-08-03,2020-08-03,2026-05-27
NC Farm Bureau Ins Group,NC Farm Bureau Ins Group,84,Carrier,927856000,0.05,86,US,,,,,,,,,,,,,,,,,,,,,F1,Top Insurers and Brokers,90,2020-08-03,2020-08-03,2026-05-27
Doctors Co Ins Group,Doctors Co Ins Group,85,Carrier,917599000,0.009000000000000001,83,US,,,,,,,,,,,,,,,,,,,,,F1,Top Insurers and Brokers,91,2020-08-03,2020-08-03,2026-05-27
Donegal Ins Group,Donegal Ins Group,86,Carrier,916803000,0.016,85,US,,,,,,,,,,,,,,,,,,,,,F1,Top Insurers and Brokers,92,2020-08-03,2020-08-03,2026-05-27
Universal Ins Hldgs Group,Universal Ins Hldgs Group,87,Carrier,869845000,0.051,88,US,,,,,,,,,,,,,,,,,,,,,F1,Top Insurers and Brokers,93,2020-08-03,2020-08-03,2026-05-27
RLI Group,RLI Group,88,Carrier,880337000,0.045,90,US,,,,,,,,,,,,,,,,,,,,,F1,Top Insurers and Brokers,94,2020-08-03,2020-08-03,2026-05-27
ProSight Specialty Group,ProSight Specialty Group,89,Carrier,850789000,0.006,88,US,,,,,,,,,,,,,,,,,,,,,F1,Top Insurers and Brokers,95,2020-08-03,2020-08-03,2026-05-27
Church Mutual Ins Group,Church Mutual Ins Group,90,Carrier,845741000,0.095,96,US,,,,,,,,,,,,,,,,,,,,,F1,Top Insurers and Brokers,96,2020-08-03,2020-08-03,2026-05-27
Palisades Group,Palisades Group,91,Carrier,840768000,0.066,93,US,,,,,,,,,,,,,,,,,,,,,F1,Top Insurers and Brokers,97,2020-08-03,2020-08-03,2026-05-27
Genworth,Genworth PC Group,92,Carrier,818540000,0.071,97,US,,,,,,,,,,,,,,,,,,,,,F1,Top Insurers and Brokers,98,2020-08-03,2020-08-03,2026-05-27
FCCI Ins Group,FCCI Ins Group,93,Carrier,810502000,0.005,92,US,,,,,,,,,,,,,,,,,,,,,F1,Top Insurers and Brokers,99,2020-08-03,2020-08-03,2026-05-27
Michigan Farm Bureau PC Companies,Michigan Farm Bureau PC Companies,94,Carrier,803206000,0.066,98,US,,,,,,,,,,,,,,,,,,,,,F1,Top Insurers and Brokers,100,2020-08-03,2020-08-03,2026-05-27
Arbella Ins Group,Arbella Ins Group,95,Carrier,801023000,0.022000000000000002,95,US,,,,,,,,,,,,,,,,,,,,,F1,Top Insurers and Brokers,101,2020-08-03,2020-08-03,2026-05-27
Amerisure Cos,Amerisure Cos,96,Carrier,796474000,-0.028999999999999998,91,US,,,,,,,,,,,,,,,,,,,,,F1,Top Insurers and Brokers,102,2020-08-03,2020-08-03,2026-05-27
Safety Group,Safety Group,97,Carrier,794408000,0.01,94,US,,,,,,,,,,,,,,,,,,,,,F1,Top Insurers and Brokers,103,2020-08-03,2020-08-03,2026-05-27
Penn Natl Ins Cos,Penn Natl Ins Cos,98,Carrier,749617000,0.021,101,US,,,,,,,,,,,,,,,,,,,,,F1,Top Insurers and Brokers,104,2020-08-03,2020-08-03,2026-05-27
Western Natl Ins Group,Western Natl Ins Group,99,Carrier,733092000,0.096,107,US,,,,,,,,,,,,,,,,,,,,,F1,Top Insurers and Brokers,105,2020-08-03,2020-08-03,2026-05-27
Central Ins Cos,Central Ins Cos,100,Carrier,720489000,0.022000000000000002,102,US,,,,,,,,,,,,,,,,,,,,,F1,Top Insurers and Brokers,106,2020-08-03,2020-08-03,2026-05-27
Frankenmuth Ins Group,Frankenmuth Ins Group,101,Carrier,715161000,0.03,103,US,,,,,,,,,,,,,,,,,,,,,F1,Top Insurers and Brokers,107,2020-08-03,2020-08-03,2026-05-27
United Ins Group,United Ins Group,102,Carrier,706827000,0.026000000000000002,104,US,,,,,,,,,,,,,,,,,,,,,F1,Top Insurers and Brokers,108,2020-08-03,2020-08-03,2026-05-27
Horace Mann Ins Group,Horace Mann Ins Group,103,Carrier,680261000,0.002,105,US,,,,,,,,,,,,,,,,,,,,,F1,Top Insurers and Brokers,109,2020-08-03,2020-08-03,2026-05-27
ProAssurance Group,ProAssurance Group,104,Carrier,679060000,0.011000000000000001,1116,US,,,,,,,,,,,,,,,,,,,,,F1,Top Insurers and Brokers,110,2020-08-03,2020-08-03,2026-05-27
Secura Ins Cos,Secura Ins Cos,105,Carrier,669032000,0.075,111,US,,,,,,,,,,,,,,,,,,,,,F1,Top Insurers and Brokers,111,2020-08-03,2020-08-03,2026-05-27
Andover Companies Pool,Andover Companies Pool,106,Carrier,656469000,0.026000000000000002,108,US,,,,,,,,,,,,,,,,,,,,,F1,Top Insurers and Brokers,112,2020-08-03,2020-08-03,2026-05-27
Grinnell Mutual Group,Grinnell Mutual Group,107,Carrier,648848000,0.015,109,US,,,,,,,,,,,,,,,,,,,,,F1,Top Insurers and Brokers,113,2020-08-03,2020-08-03,2026-05-27
Employers Ins Group,Employers Ins Group,108,Carrier,845519000,-0.131,99,US,,,,,,,,,,,,,,,,,,,,,F1,Top Insurers and Brokers,114,2020-08-03,2020-08-03,2026-05-27
Citizens Property lns Corporation,Citizens Property lns Corporation,109,Carrier,638990000,0.037000000000000005,112,US,,,,,,,,,,,,,,,,,,,,,F1,Top Insurers and Brokers,115,2020-08-03,2020-08-03,2026-05-27
United Farm Bureau of Indiana Group,United Farm Bureau of Indiana Group,110,Carrier,625095000,0.037000000000000005,113,US,,,,,,,,,,,,,,,,,,,,,F1,Top Insurers and Brokers,116,2020-08-03,2020-08-03,2026-05-27
Loya Ins Group,Loya Ins Group,111,Carrier,611738000,0.064,117,US,,,,,,,,,,,,,,,,,,,,,F1,Top Insurers and Brokers,117,2020-08-03,2020-08-03,2026-05-27
CopperPoint Ins Group,CopperPoint Ins Group,112,Carrier,609825000,0.023,115,US,,,,,,,,,,,,,,,,,,,,,F1,Top Insurers and Brokers,118,2020-08-03,2020-08-03,2026-05-27
NYCM Ins Group,NYCM Ins Group,113,Carrier,603934000,0.057,118,US,,,,,,,,,,,,,,,,,,,,,F1,Top Insurers and Brokers,119,2020-08-03,2020-08-03,2026-05-27
FMH Ins Group,FMH Ins Group,114,Carrier,603172000,0.225,123,US,,,,,,,,,,,,,,,,,,,,,F1,Top Insurers and Brokers,120,2020-08-03,2020-08-03,2026-05-27
Pinnacol Assur,Pinnacol Assur,115,Carrier,597049000,-0.054000000000000006,110,US,,,,,,,,,,,,,,,,,,,,,F1,Top Insurers and Brokers,121,2020-08-03,2020-08-03,2026-05-27
Pekin Ins Group,Pekin Ins Group,116,Carrier,591388000,-0.013999999999999999,114,US,,,,,,,,,,,,,,,,,,,,,F1,Top Insurers and Brokers,122,2020-08-03,2020-08-03,2026-05-27
Germania Mutual Group,Germania Mutual Group,117,Carrier,563068000,0.185,126,US,,,,,,,,,,,,,,,,,,,,,F1,Top Insurers and Brokers,123,2020-08-03,2020-08-03,2026-05-27
Essent Guar Group,Essent Guar Group,118,Carrier,556138000,0.086,121,US,,,,,,,,,,,,,,,,,,,,,F1,Top Insurers and Brokers,124,2020-08-03,2020-08-03,2026-05-27
Ally Ins Group,Ally Ins Group,119,Carrier,555768000,0.153,124,US,,,,,,,,,,,,,,,,,,,,,F1,Top Insurers and Brokers,125,2020-08-03,2020-08-03,2026-05-27
Wawanesa Gen Ins Co,Wawanesa Gen Ins Co,120,Carrier,548776000,0.08800000000000001,122,US,,,,,,,,,,,,,,,,,,,,,F1,Top Insurers and Brokers,126,2020-08-03,2020-08-03,2026-05-27
Plymouth Rock Cos,Plymouth Rock Cos,121,Carrier,544587000,-0.013999999999999999,116,US,,,,,,,,,,,,,,,,,,,,,F1,Top Insurers and Brokers,127,2020-08-03,2020-08-03,2026-05-27
RenaissanceRe US Group,RenaissanceRe US Group,122,Carrier,533875000,-0.27899999999999997,100,US,,,,,,,,,,,,,,,,,,,,,F1,Top Insurers and Brokers,128,2020-08-03,2020-08-03,2026-05-27
AmeriTrust Group,AmeriTrust Group,123,Carrier,519823000,-0.02,119,US,,,,,,,,,,,,,,,,,,,,,F1,Top Insurers and Brokers,129,2020-08-03,2020-08-03,2026-05-27
SAIF Corp,SAIF Corp,124,Carrier,508621000,-0.021,120,US,,,,,,,,,,,,,,,,,,,,,F1,Top Insurers and Brokers,130,2020-08-03,2020-08-03,2026-05-27
American Modern,American Modern Ins Group,125,Carrier,2500000000,0.03,,US,,Named,Sean,Sean,Andreas Kleiner,Rene Gobanya,Trey Griffith,Eric Hunzinger,Paul Schneider,Bill Gottsacker,Kam Jha,Yes,TCS,Just signed with us,,,,,,,F1,Top Insurers and Brokers,131,2020-08-03,2020-08-03,2026-05-27
HUB International Ltd.,HUB International Ltd.,126,Broker,1435434756,,1,US,,,,,,,,,,,,,,,,,,,,,F1,Top Insurers and Brokers,132,2020-08-03,2020-08-03,2026-05-27
Lockton Companies,Lockton Companies,127,Broker,1155316000,,2,US,,,,,,,,,,,,,,,,,,,,,F1,Top Insurers and Brokers,133,2020-08-03,2020-08-03,2026-05-27
USI Insurance Services,USI Insurance Services,128,Broker,1087549902,,3,US,,,,,,,,,,,,,,,,,,,,,F1,Top Insurers and Brokers,134,2020-08-03,2020-08-03,2026-05-27
Alliant Insurance Services Inc.,Alliant Insurance Services Inc.,129,Broker,1024784327,,4,US,,,,,,,,,,,,,,,,,,,,,F1,Top Insurers and Brokers,135,2020-08-03,2020-08-03,2026-05-27
AssuredPartners Inc.,AssuredPartners Inc.,130,Broker,981752255,,5,US,,,,,,,,,,,,,,,,,,,,,F1,Top Insurers and Brokers,136,2020-08-03,2020-08-03,2026-05-27
Acrisure LLC,Acrisure LLC,131,Broker,942352957,,6,US,,,,,,,,,,,,,,,,,,,,,F1,Top Insurers and Brokers,137,2020-08-03,2020-08-03,2026-05-27
BroadStreet Partners Inc.,BroadStreet Partners Inc.,132,Broker,559589000,,7,US,,,,,,,,,,,,,,,,,,,,,F1,Top Insurers and Brokers,138,2020-08-03,2020-08-03,2026-05-27
Confie,Confie,133,Broker,515000000,,8,US,,,,,,,,,,,,,,,,,,,,,F1,Top Insurers and Brokers,139,2020-08-03,2020-08-03,2026-05-27
EPIC,EPIC,134,Broker,461377714,,9,US,,,,,,,,,,,,,,,,,,,,,F1,Top Insurers and Brokers,140,2020-08-03,2020-08-03,2026-05-27
NFP,NFP,135,Broker,338500000,,10,US,,,,,,,,,,,,,,,,,,,,,F1,Top Insurers and Brokers,141,2020-08-03,2020-08-03,2026-05-27
Risk Strategies,Risk Strategies,136,Broker,290649571,,11,US,,,,,,,,,,,,,,,,,,,,,F1,Top Insurers and Brokers,142,2020-08-03,2020-08-03,2026-05-27
Leavitt Group,Leavitt Group,137,Broker,209445078,,12,US,,,,,,,,,,,,,,,,,,,,,F1,Top Insurers and Brokers,143,2020-08-03,2020-08-03,2026-05-27
Insurance Office of America Inc.,Insurance Office of America Inc.,138,Broker,187415483,,13,US,,,,,,,,,,,,,,,,,,,,,F1,Top Insurers and Brokers,144,2020-08-03,2020-08-03,2026-05-27
IMA Financial Group Inc.,IMA Financial Group Inc.,139,Broker,147043601,,14,US,,,,,,,,,,,,,,,,,,,,,F1,Top Insurers and Brokers,145,2020-08-03,2020-08-03,2026-05-27
Higginbotham,Higginbotham,140,Broker,139406000,,15,US,,,,,,,,,,,,,,,,,,,,,F1,Top Insurers and Brokers,146,2020-08-03,2020-08-03,2026-05-27
Cross Insurance,Cross Insurance,141,Broker,134000000,,16,US,,,,,,,,,,,,,,,,,,,,,F1,Top Insurers and Brokers,147,2020-08-03,2020-08-03,2026-05-27
PayneWest Insurance Inc.,PayneWest Insurance Inc.,142,Broker,115909533,,17,US,,,,,,,,,,,,,,,,,,,,,F1,Top Insurers and Brokers,148,2020-08-03,2020-08-03,2026-05-27
Woodruff Sawyer,Woodruff Sawyer,143,Broker,114100000,,18,US,,,,,,,,,,,,,,,,,,,,,F1,Top Insurers and Brokers,149,2020-08-03,2020-08-03,2026-05-27
Heffernan Insurance Brokers,Heffernan Insurance Brokers,144,Broker,101773230,,19,US,,,,,,,,,,,,,,,,,,,,,F1,Top Insurers and Brokers,150,2020-08-03,2020-08-03,2026-05-27
Hylant,Hylant,145,Broker,101412314,,20,US,,,,,,,,,,,,,,,,,,,,,F1,Top Insurers and Brokers,151,2020-08-03,2020-08-03,2026-05-27
Hilb Group,Hilb Group,146,Broker,100630793,,21,US,,,,,,,,,,,,,,,,,,,,,F1,Top Insurers and Brokers,152,2020-08-03,2020-08-03,2026-05-27
AIS Insurance*,AIS Insurance*,147,Broker,99878000,,22,US,,,,,,,,,,,,,,,,,,,,,F1,Top Insurers and Brokers,153,2020-08-03,2020-08-03,2026-05-27
INSURICA Inc.,INSURICA Inc.,148,Broker,94391726,,23,US,,,,,,,,,,,,,,,,,,,,,F1,Top Insurers and Brokers,154,2020-08-03,2020-08-03,2026-05-27
Eastern Insurance Group LLC,Eastern Insurance Group LLC,149,Broker,90322469,,24,US,,,,,,,,,,,,,,,,,,,,,F1,Top Insurers and Brokers,155,2020-08-03,2020-08-03,2026-05-27
Prime Risk Partners Inc.,Prime Risk Partners Inc.,150,Broker,86103868,,25,US,,,,,,,,,,,,,,,,,,,,,F1,Top Insurers and Brokers,156,2020-08-03,2020-08-03,2026-05-27
Alera Group,Alera Group,151,Broker,82173000,,26,US,,,,,,,,,,,,,,,,,,,,,F1,Top Insurers and Brokers,157,2020-08-03,2020-08-03,2026-05-27
TWFG Insurance Services,TWFG Insurance Services,152,Broker,80117709,,27,US,,,,,,,,,,,,,,,,,,,,,F1,Top Insurers and Brokers,158,2020-08-03,2020-08-03,2026-05-27
Assurance,Assurance,153,Broker,78042000,,28,US,,,,,,,,,,,,,,,,,,,,,F1,Top Insurers and Brokers,159,2020-08-03,2020-08-03,2026-05-27
Propel Insurance,Propel Insurance,154,Broker,77200000,,29,US,,,,,,,,,,,,,,,,,,,,,F1,Top Insurers and Brokers,160,2020-08-03,2020-08-03,2026-05-27
Westwood Insurance Agency,Westwood Insurance Agency,155,Broker,75791523,,30,US,,,,,,,,,,,,,,,,,,,,,F1,Top Insurers and Brokers,161,2020-08-03,2020-08-03,2026-05-27
UniVista Insurance,UniVista Insurance,156,Broker,68534738,,31,US,,,,,,,,,,,,,,,,,,,,,F1,Top Insurers and Brokers,162,2020-08-03,2020-08-03,2026-05-27
Marsh,Marshall & Sterling Enterprises Inc.,157,Broker,65202584,,32,US,,,,,,,,,,,,,,,,,,,,,F1,Top Insurers and Brokers,163,2020-08-03,2020-08-03,2026-05-27
Baldwin Risk Partners,Baldwin Risk Partners,158,Broker,62411604,,33,US,,,,,,,,,,,,,,,,,,,,,F1,Top Insurers and Brokers,164,2020-08-03,2020-08-03,2026-05-27
TrueNorth,TrueNorth,159,Broker,60652000,,34,US,,,,,,,,,,,,,,,,,,,,,F1,Top Insurers and Brokers,165,2020-08-03,2020-08-03,2026-05-27
Towne Insurance,Towne Insurance,160,Broker,54827671,,35,US,,,,,,,,,,,,,,,,,,,,,F1,Top Insurers and Brokers,166,2020-08-03,2020-08-03,2026-05-27
Lawley Insurance,Lawley Insurance,161,Broker,52580471,,36,US,,,,,,,,,,,,,,,,,,,,,F1,Top Insurers and Brokers,167,2020-08-03,2020-08-03,2026-05-27
Starkweather & Shepley Insurance Brokerage Inc.,Starkweather & Shepley Insurance Brokerage Inc.,162,Broker,52145900,,37,US,,,,,,,,,,,,,,,,,,,,,F1,Top Insurers and Brokers,168,2020-08-03,2020-08-03,2026-05-27
Professional Insurance Associates,Professional Insurance Associates,163,Broker,52000000,,38,US,,,,,,,,,,,,,,,,,,,,,F1,Top Insurers and Brokers,169,2020-08-03,2020-08-03,2026-05-27
Graham Company,Graham Company,164,Broker,51126847,,39,US,,,,,,,,,,,,,,,,,,,,,F1,Top Insurers and Brokers,170,2020-08-03,2020-08-03,2026-05-27
Relation Insurance Inc.,Relation Insurance Inc.,165,Broker,50330000,,40,US,,,,,,,,,,,,,,,,,,,,,F1,Top Insurers and Brokers,171,2020-08-03,2020-08-03,2026-05-27
The Horton Group Inc.,The Horton Group Inc.,166,Broker,49891215,,41,US,,,,,,,,,,,,,,,,,,,,,F1,Top Insurers and Brokers,172,2020-08-03,2020-08-03,2026-05-27
Houchens Insurance Group Inc.,Houchens Insurance Group Inc.,167,Broker,49576644,,42,US,,,,,,,,,,,,,,,,,,,,,F1,Top Insurers and Brokers,173,2020-08-03,2020-08-03,2026-05-27
Shepherd Insurance,Shepherd Insurance,168,Broker,47488559,,43,US,,,,,,,,,,,,,,,,,,,,,F1,Top Insurers and Brokers,174,2020-08-03,2020-08-03,2026-05-27
"Bowen, Miclette & Britt Insurance Agency LLC","Bowen, Miclette & Britt Insurance Agency LLC",169,Broker,46322192,,44,US,,,,,,,,,,,,,,,,,,,,,F1,Top Insurers and Brokers,175,2020-08-03,2020-08-03,2026-05-27
Sunstar Insurance Group,Sunstar Insurance Group,170,Broker,45000000,,45,US,,,,,,,,,,,,,,,,,,,,,F1,Top Insurers and Brokers,176,2020-08-03,2020-08-03,2026-05-27
LMC Insurance & Risk Management Inc.,LMC Insurance & Risk Management Inc.,171,Broker,44743637,,46,US,,,,,,,,,,,,,,,,,,,,,F1,Top Insurers and Brokers,177,2020-08-03,2020-08-03,2026-05-27
"Parker, Smith & Feek Inc.","Parker, Smith & Feek Inc.",172,Broker,43744167,,47,US,,,,,,,,,,,,,,,,,,,,,F1,Top Insurers and Brokers,178,2020-08-03,2020-08-03,2026-05-27
Scott Insurance (James A. Scott and Son Inc.),Scott Insurance (James A. Scott and Son Inc.),173,Broker,43579000,,48,US,,,,,,,,,,,,,,,,,,,,,F1,Top Insurers and Brokers,179,2020-08-03,2020-08-03,2026-05-27
Ansay & Associates,Ansay & Associates,174,Broker,40986433,,49,US,,,,,,,,,,,,,,,,,,,,,F1,Top Insurers and Brokers,180,2020-08-03,2020-08-03,2026-05-27
Gowrie Group,Gowrie Group,175,Broker,40400000,,50,US,,,,,,,,,,,,,,,,,,,,,F1,Top Insurers and Brokers,181,2020-08-03,2020-08-03,2026-05-27
ABD Insurance and Financial Services,ABD Insurance and Financial Services,176,Broker,39200000,,51,US,,,,,,,,,,,,,,,,,,,,,F1,Top Insurers and Brokers,182,2020-08-03,2020-08-03,2026-05-27
Huntington Insurance,Huntington Insurance,177,Broker,38406000,,52,US,,,,,,,,,,,,,,,,,,,,,F1,Top Insurers and Brokers,183,2020-08-03,2020-08-03,2026-05-27
The Mahoney Group,The Mahoney Group,178,Broker,38329667,,53,US,,,,,,,,,,,,,,,,,,,,,F1,Top Insurers and Brokers,184,2020-08-03,2020-08-03,2026-05-27
Rose & Kiernan Inc.,Rose & Kiernan Inc.,179,Broker,38283740,,54,US,,,,,,,,,,,,,,,,,,,,,F1,Top Insurers and Brokers,185,2020-08-03,2020-08-03,2026-05-27
Premier Group Insurance,Premier Group Insurance,180,Broker,38151357,,55,US,,,,,,,,,,,,,,,,,,,,,F1,Top Insurers and Brokers,186,2020-08-03,2020-08-03,2026-05-27
Fisher Brown Bottrell Insurance Inc.,Fisher Brown Bottrell Insurance Inc.,181,Broker,36224107,,56,US,,,,,,,,,,,,,,,,,,,,,F1,Top Insurers and Brokers,187,2020-08-03,2020-08-03,2026-05-27
Charles L. Crane Agency,Charles L. Crane Agency,182,Broker,36000000,,57,US,,,,,,,,,,,,,,,,,,,,,F1,Top Insurers and Brokers,188,2020-08-03,2020-08-03,2026-05-27
Robertson Ryan & Associates,Robertson Ryan & Associates,183,Broker,35425000,,58,US,,,,,,,,,,,,,,,,,,,,,F1,Top Insurers and Brokers,189,2020-08-03,2020-08-03,2026-05-27
Rich & Cartmill Inc.,Rich & Cartmill Inc.,184,Broker,34827303,,59,US,,,,,,,,,,,,,,,,,,,,,F1,Top Insurers and Brokers,190,2020-08-03,2020-08-03,2026-05-27
Andreini & Company,Andreini & Company,185,Broker,34409442,,60,US,,,,,,,,,,,,,,,,,,,,,F1,Top Insurers and Brokers,191,2020-08-03,2020-08-03,2026-05-27
PCF Insurance Services LLC,PCF Insurance Services LLC,186,Broker,34000000,,61,US,,,,,,,,,,,,,,,,,,,,,F1,Top Insurers and Brokers,192,2020-08-03,2020-08-03,2026-05-27
"Haylor, Freyer & Coon Inc.","Haylor, Freyer & Coon Inc.",187,Broker,32795256,,62,US,,,,,,,,,,,,,,,,,,,,,F1,Top Insurers and Brokers,193,2020-08-03,2020-08-03,2026-05-27
People’s United Insurance Agency Inc.,People’s United Insurance Agency Inc.,188,Broker,32196000,,63,US,,,,,,,,,,,,,,,,,,,,,F1,Top Insurers and Brokers,194,2020-08-03,2020-08-03,2026-05-27
James G Parker Insurance Associates,James G Parker Insurance Associates,189,Broker,31842000,,64,US,,,,,,,,,,,,,,,,,,,,,F1,Top Insurers and Brokers,195,2020-08-03,2020-08-03,2026-05-27
Associated Benefits and Risk Consulting,Associated Benefits and Risk Consulting,190,Broker,31289600,,65,US,,,,,,,,,,,,,,,,,,,,,F1,Top Insurers and Brokers,196,2020-08-03,2020-08-03,2026-05-27
Frost Insurance,Frost Insurance,191,Broker,30984905,,66,US,,,,,,,,,,,,,,,,,,,,,F1,Top Insurers and Brokers,197,2020-08-03,2020-08-03,2026-05-27
Bolton & Company,Bolton & Company,192,Broker,30505000,,67,US,,,,,,,,,,,,,,,,,,,,,F1,Top Insurers and Brokers,198,2020-08-03,2020-08-03,2026-05-27
M&T Insurance Agency Inc.,M&T Insurance Agency Inc.,193,Broker,30500000,,68,US,,,,,,,,,,,,,,,,,,,,,F1,Top Insurers and Brokers,199,2020-08-03,2020-08-03,2026-05-27
Sterling Seacrest Partners Inc.,Sterling Seacrest Partners Inc.,194,Broker,30036254,,69,US,,,,,,,,,,,,,,,,,,,,,F1,Top Insurers and Brokers,200,2020-08-03,2020-08-03,2026-05-27
HNI,HNI,195,Broker,29713476,,70,US,,,,,,,,,,,,,,,,,,,,,F1,Top Insurers and Brokers,201,2020-08-03,2020-08-03,2026-05-27
TIS Insurance Sevices Inc.,TIS Insurance Sevices Inc.,196,Broker,29616846,,71,US,,,,,,,,,,,,,,,,,,,,,F1,Top Insurers and Brokers,202,2020-08-03,2020-08-03,2026-05-27
HomeServices Insurance,HomeServices Insurance,197,Broker,29050000,,72,US,,,,,,,,,,,,,,,,,,,,,F1,Top Insurers and Brokers,203,2020-08-03,2020-08-03,2026-05-27
Moreton & Company,Moreton & Company,198,Broker,28983000,,73,US,,,,,,,,,,,,,,,,,,,,,F1,Top Insurers and Brokers,204,2020-08-03,2020-08-03,2026-05-27
Wood Gutmann & Bogart Insurance Brokers,Wood Gutmann & Bogart Insurance Brokers,199,Broker,28973093,,74,US,,,,,,,,,,,,,,,,,,,,,F1,Top Insurers and Brokers,205,2020-08-03,2020-08-03,2026-05-27
TRICOR,TRICOR,200,Broker,28584000,,75,US,,,,,,,,,,,,,,,,,,,,,F1,Top Insurers and Brokers,206,2020-08-03,2020-08-03,2026-05-27
Turner Surety & Insurance Brokerage (TSIB),Turner Surety & Insurance Brokerage (TSIB),201,Broker,28453000,,76,US,,,,,,,,,,,,,,,,,,,,,F1,Top Insurers and Brokers,207,2020-08-03,2020-08-03,2026-05-27
World Insurance Associates LLC,World Insurance Associates LLC,202,Broker,28380664,,77,US,,,,,,,,,,,,,,,,,,,,,F1,Top Insurers and Brokers,208,2020-08-03,2020-08-03,2026-05-27
The Buckner Company Inc.,The Buckner Company Inc.,203,Broker,27057580,,78,US,,,,,,,,,,,,,,,,,,,,,F1,Top Insurers and Brokers,209,2020-08-03,2020-08-03,2026-05-27
R&R Insurance Services,R&R Insurance Services,204,Broker,26165525,,79,US,,,,,,,,,,,,,,,,,,,,,F1,Top Insurers and Brokers,210,2020-08-03,2020-08-03,2026-05-27
Rogers & Gray Insurance,Rogers & Gray Insurance,205,Broker,25935009,,80,US,,,,,,,,,,,,,,,,,,,,,F1,Top Insurers and Brokers,211,2020-08-03,2020-08-03,2026-05-27
Insgroup Inc.,Insgroup Inc.,206,Broker,25861000,,81,US,,,,,,,,,,,,,,,,,,,,,F1,Top Insurers and Brokers,212,2020-08-03,2020-08-03,2026-05-27
AHT Insurance,AHT Insurance,207,Broker,25725165,,82,US,,,,,,,,,,,,,,,,,,,,,F1,Top Insurers and Brokers,213,2020-08-03,2020-08-03,2026-05-27
SullivanCurtisMonroe Insurance Services LLC,SullivanCurtisMonroe Insurance Services LLC,208,Broker,24971000,,83,US,,,,,,,,,,,,,,,,,,,,,F1,Top Insurers and Brokers,214,2020-08-03,2020-08-03,2026-05-27
Sihle Insurance Group Inc.,Sihle Insurance Group Inc.,209,Broker,24702538,,84,US,,,,,,,,,,,,,,,,,,,,,F1,Top Insurers and Brokers,215,2020-08-03,2020-08-03,2026-05-27
Cobbs Allen,Cobbs Allen,210,Broker,24496827,,85,US,,,,,,,,,,,,,,,,,,,,,F1,Top Insurers and Brokers,216,2020-08-03,2020-08-03,2026-05-27
JGS Insurance,JGS Insurance,211,Broker,24369575,,86,US,,,,,,,,,,,,,,,,,,,,,F1,Top Insurers and Brokers,217,2020-08-03,2020-08-03,2026-05-27
Tompkins Insurance Agencies Inc.,Tompkins Insurance Agencies Inc.,212,Broker,24066983,,87,US,,,,,,,,,,,,,,,,,,,,,F1,Top Insurers and Brokers,218,2020-08-03,2020-08-03,2026-05-27
Atlas Insurance Brokers LLC,Atlas Insurance Brokers LLC,213,Broker,23815891,,88,US,,,,,,,,,,,,,,,,,,,,,F1,Top Insurers and Brokers,219,2020-08-03,2020-08-03,2026-05-27
Crest Insurance Group LLC,Crest Insurance Group LLC,214,Broker,23696935,,89,US,,,,,,,,,,,,,,,,,,,,,F1,Top Insurers and Brokers,220,2020-08-03,2020-08-03,2026-05-27
John M Glover Agency,John M Glover Agency,215,Broker,23432531,,90,US,,,,,,,,,,,,,,,,,,,,,F1,Top Insurers and Brokers,221,2020-08-03,2020-08-03,2026-05-27
Christensen Group,Christensen Group,216,Broker,23176417,,91,US,,,,,,,,,,,,,,,,,,,,,F1,Top Insurers and Brokers,222,2020-08-03,2020-08-03,2026-05-27
Foa & Son Corporation,Foa & Son Corporation,217,Broker,23050000,,92,US,,,,,,,,,,,,,,,,,,,,,F1,Top Insurers and Brokers,223,2020-08-03,2020-08-03,2026-05-27
Swingle Collins & Associates,Swingle Collins & Associates,218,Broker,21916804,,93,US,,,,,,,,,,,,,,,,,,,,,F1,Top Insurers and Brokers,224,2020-08-03,2020-08-03,2026-05-27
Atlas Insurance Agency,Atlas Insurance Agency,219,Broker,21336977,,94,US,,,,,,,,,,,,,,,,,,,,,F1,Top Insurers and Brokers,225,2020-08-03,2020-08-03,2026-05-27
The Daniel and Henry Company,The Daniel and Henry Company,220,Broker,21097000,,95,US,,,,,,,,,,,,,,,,,,,,,F1,Top Insurers and Brokers,226,2020-08-03,2020-08-03,2026-05-27
L/P Insurance Services,L/P Insurance Services,221,Broker,20655286,,96,US,,,,,,,,,,,,,,,,,,,,,F1,Top Insurers and Brokers,227,2020-08-03,2020-08-03,2026-05-27
Murray Securus,Murray Securus,222,Broker,20429000,,97,US,,,,,,,,,,,,,,,,,,,,,F1,Top Insurers and Brokers,228,2020-08-03,2020-08-03,2026-05-27
Associated Insurance Management LLC,Associated Insurance Management LLC,223,Broker,19711707,,98,US,,,,,,,,,,,,,,,,,,,,,F1,Top Insurers and Brokers,229,2020-08-03,2020-08-03,2026-05-27
Lipscomb & Pitts Insurance,Lipscomb & Pitts Insurance,224,Broker,19505319,,99,US,,,,,,,,,,,,,,,,,,,,,F1,Top Insurers and Brokers,230,2020-08-03,2020-08-03,2026-05-27
MJ Insurance Inc.,MJ Insurance Inc.,225,Broker,18803908,,100,US,,,,,,,,,,,,,,,,,,,,,F1,Top Insurers and Brokers,231,2020-08-03,2020-08-03,2026-05-27
