rank,client_canonical,lead_score,confidence,account_fit,signal_strength,solution_match,relationship_warmth,relationship_type,rank_2019,nwp_2019,combined_ratio,exl_client,exl_growth_leader,exl_ce,num_triggers_fired,unique_trigger_types,sum_trigger_strength,recommended_solutions,captured_date,ingestion_date
1,Travelers Group,89.3,Very High,0.85,1.0,0.788,0.8,Named,6.0,27214083000.0,96.5,,Sean,Sean,17,9,12.76,EXL XTRAKTO.AI (5); EXL Paymentor (4); EXL EXELIA.AI (4); EXL Subrosource (3); EXL MedConnection (3),2026-05-27,2026-05-27
2,Allstate,64.5,High,0.95,0.624,0.2,0.7,Strategic,4.0,34038467000.0,85.0,Yes,Roopak,Amit Gaba,5,2,3.4,EXL NerveHub (1); EXL XTRAKTO.AI (1); EXL EXELIA.AI (1); EXL Paymentor (1),2026-05-27,2026-05-27
3,Liberty Mutual,56.3,High,0.75,0.429,0.333,1.0,Named,5.0,32268379000.0,101.7,Yes,Nikhil,Kuldeep,3,3,1.93,EXL Paymentor (1); EXL Digital Finance Suite (1); EXL XTRAKTO.AI (1); EXL NerveHub (1),2026-05-27,2026-05-27
4,State Farm,54.4,Medium,0.7,0.136,1.0,0.8,Named,1.0,65100455000.0,98.7,,Mohit,Mohit,1,1,0.6,EXL XTRAKTO.AI (1); EXL NerveHub (1),2026-05-27,2026-05-27
5,Hanover Insurance Group,54.0,Medium,0.75,0.288,0.5,1.0,Strategic,25.0,4580867000.0,95.6,Yes,Saju,Aditya Chaturvedi,2,2,1.3,EXL NerveHub (1); EXL XTRAKTO.AI (1); EXL EXELIA.AI (1); EXL Paymentor (1),2026-05-27,2026-05-27
6,Munich-Amer Hldg Corp Cos,53.2,Medium,0.6,0.256,1.0,0.5,Named,18.0,6639450000.0,101.0,,Mohit,Mohit,2,2,1.1,EXL XTRAKTO.AI (2); EXL NerveHub (2); EXL Paymentor (1); EXL Digital Finance Suite (1),2026-05-27,2026-05-27
7,Swiss Re,51.8,Medium,0.6,0.429,0.333,1.0,Named,15.0,2023929000.0,107.0,Yes,Mohit,Mohit,3,3,1.93,EXL Paymentor (1); EXL Digital Finance Suite (1); EXL XTRAKTO.AI (1); EXL NerveHub (1),2026-05-27,2026-05-27
8,Amer Family Ins Group,51.3,Medium,0.65,0.12,1.0,0.7,Named,13.0,11841650000.0,105.7,Yes,Sean,Sean,1,1,0.5,EXL Paymentor (1); EXL Digital Finance Suite (1); EXL XTRAKTO.AI (1); EXL NerveHub (1),2026-05-27,2026-05-27
9,Hartford,51.0,Medium,0.75,0.288,0.5,0.7,Strategic,12.0,11871251000.0,94.0,Yes,Saju,Kuldeep,2,2,1.3,EXL NerveHub (1); EXL XTRAKTO.AI (1); EXL EXELIA.AI (1); EXL Paymentor (1),2026-05-27,2026-05-27
10,Nationwide,50.5,Medium,0.7,0.445,0.333,0.5,Named,9.0,17992806000.0,94.0,,Mohit,Mohit,3,3,2.03,EXL XTRAKTO.AI (1); EXL NerveHub (1),2026-05-27,2026-05-27
11,Great Amer P&C Ins Group,49.9,Medium,0.65,0.136,1.0,0.5,Named,26.0,4689656000.0,93.7,,Sean,Sean,1,1,0.6,EXL XTRAKTO.AI (1); EXL NerveHub (1),2026-05-27,2026-05-27
12,Marsh,48.4,Medium,0.5,0.136,1.0,0.8,Named,32.0,65202584.0,,,Mohit,Wayne Reed,1,1,0.6,EXL XTRAKTO.AI (1); EXL NerveHub (1),2026-05-27,2026-05-27
13,AXIS US Operations,46.8,Medium,0.5,0.12,1.0,0.7,Named,48.0,1932319000.0,107.3,Yes,Sean,Sean,1,1,0.5,EXL Paymentor (1); EXL Digital Finance Suite (1); EXL XTRAKTO.AI (1); EXL NerveHub (1),2026-05-27,2026-05-27
14,American Family,44.2,Medium,0.3,0.256,1.0,0.5,Named,,,105.7,,Sean,Sean,2,2,1.1,EXL XTRAKTO.AI (2); EXL NerveHub (2); EXL Paymentor (1); EXL Digital Finance Suite (1),2026-05-27,2026-05-27
15,Axis,44.2,Medium,0.3,0.256,1.0,0.5,Named,,,107.3,,Sean,Sean,2,2,1.1,EXL XTRAKTO.AI (2); EXL NerveHub (2); EXL Paymentor (1); EXL Digital Finance Suite (1),2026-05-27,2026-05-27
16,QBE,42.4,Medium,0.4,0.136,1.0,0.5,Strategic,,,90.0,,Vilas,Vilas,1,1,0.6,EXL XTRAKTO.AI (1); EXL NerveHub (1),2026-05-27,2026-05-27
17,Aviva,42.4,Medium,0.4,0.136,1.0,0.5,Strategic,,,97.5,,Nick ,Nick ,1,1,0.6,EXL XTRAKTO.AI (1); EXL NerveHub (1),2026-05-27,2026-05-27
18,MAPFRE,42.4,Medium,0.4,0.136,1.0,0.5,Named,51.0,1863845000.0,97.6,,Mohit,Mohit,1,1,0.6,EXL XTRAKTO.AI (1); EXL NerveHub (1),2026-05-27,2026-05-27
19,Suncorp,42.4,Medium,0.4,0.136,1.0,0.5,Strategic,,,0.96,,Vilas,Vilas,1,1,0.6,EXL XTRAKTO.AI (1); EXL NerveHub (1),2026-05-27,2026-05-27
20,IAG,42.4,Medium,0.4,0.136,1.0,0.5,Strategic,,,1.23,,Vilas,Vilas,1,1,0.6,EXL XTRAKTO.AI (1); EXL NerveHub (1),2026-05-27,2026-05-27
21,AON,41.5,Medium,0.3,0.445,0.333,0.8,Named,,,,,Mohit,Wayne Reed,3,3,2.03,EXL XTRAKTO.AI (1); EXL NerveHub (1),2026-05-27,2026-05-27
22,American Modern,40.9,Medium,0.35,0.136,1.0,0.5,Named,,2500000000.0,,,Sean,Sean,1,1,0.6,EXL XTRAKTO.AI (1); EXL NerveHub (1),2026-05-27,2026-05-27
23,Farmers,39.4,Low,0.3,0.136,1.0,0.5,Named,,,,,Sean,Sean,1,1,0.6,EXL XTRAKTO.AI (1); EXL NerveHub (1),2026-05-27,2026-05-27
24,Munich Re,39.4,Low,0.3,0.136,1.0,0.5,Named,,,1.01,,Mohit,Mohit,1,1,0.6,EXL XTRAKTO.AI (1); EXL NerveHub (1),2026-05-27,2026-05-27
25,Great American,39.4,Low,0.3,0.136,1.0,0.5,Named,,,93.7,,Sean,Sean,1,1,0.6,EXL XTRAKTO.AI (1); EXL NerveHub (1),2026-05-27,2026-05-27
26,Esure Insurance Holdings,37.4,Low,0.3,0.136,1.0,0.3,Named,,,,,Mohit ,,1,1,0.6,EXL XTRAKTO.AI (1); EXL NerveHub (1),2026-05-27,2026-05-27
27,CNA,32.5,Low,0.85,0.0,0.0,0.7,Strategic,20.0,6953530000.0,94.8,Yes,Saju,Roopak,0,0,0.0,,2026-05-27,2026-05-27
28,USAA,32.5,Low,0.85,0.0,0.0,0.7,Named,7.0,22981339000.0,82.8,Yes,Sean,Sean,0,0,0.0,,2026-05-27,2026-05-27
29,Everest,31.0,Low,0.8,0.0,0.0,0.7,Named,22.0,5797634000.0,88.7,Yes,Sean,Sean,0,0,0.0,,2026-05-27,2026-05-27
30,Kemper,26.5,Low,0.65,0.0,0.0,0.7,Named,30.0,4042228000.0,93.0,Yes,Roopak,Amit Gaba,0,0,0.0,,2026-05-27,2026-05-27
31,Farmers Ins Group,26.5,Low,0.65,0.0,0.0,0.7,Named,11.0,14483557000.0,,Yes,Sean,Sean,0,0,0.0,,2026-05-27,2026-05-27
32,Assurant,25.0,Low,0.6,0.0,0.0,0.7,Strategic,35.0,3000087000.0,,Yes,Roopak,Dushyant,0,0,0.0,,2026-05-27,2026-05-27
33,Zurich,25.0,Low,0.6,0.0,0.0,0.7,Strategic,29.0,3657532000.0,96.4,Yes,Roopak,Raish Malik,0,0,0.0,,2026-05-27,2026-05-27
34,Progressive,20.0,Very Low,0.6,0.0,0.0,0.2,,3.0,37578689000.0,,Yes,,,0,0,0.0,,2026-05-27,2026-05-27
35,Berkshire Hathaway,16.5,Very Low,0.55,0.0,0.0,0.0,,2.0,53754763000.0,,,,,0,0,0.0,,2026-05-27,2026-05-27
36,Tokio Marina US PC Group,15.5,Very Low,0.45,0.0,0.0,0.2,,19.0,7083699000.0,,Yes,,,0,0,0.0,,2026-05-27,2026-05-27
37,Auto-Owners Ins Group,15.5,Very Low,0.45,0.0,0.0,0.2,,14.0,8585830000.0,,Yes,,,0,0,0.0,,2026-05-27,2026-05-27
38,Alleghany Corp Group,15.0,Very Low,0.5,0.0,0.0,0.0,,24.0,5344634000.0,,,,,0,0,0.0,,2026-05-27,2026-05-27
39,Natl Gen Companies,14.0,Very Low,0.4,0.0,0.0,0.2,,50.0,2494927000.0,,Yes,,,0,0,0.0,,2026-05-27,2026-05-27
40,Chubb,14.0,Very Low,0.4,0.0,0.0,0.2,,8.0,18249079000.0,,Yes,,,0,0,0.0,,2026-05-27,2026-05-27
41,Genworth,13.8,Very Low,0.25,0.157,0.0,0.0,,97.0,818540000.0,,,,,1,1,0.73,,2026-05-27,2026-05-27
42,Fairfax Financial (USA) Group,13.5,Very Low,0.45,0.0,0.0,0.0,,17.0,7632626000.0,,,,,0,0,0.0,,2026-05-27,2026-05-27
43,Erle Ins Group,13.5,Very Low,0.45,0.0,0.0,0.0,,16.0,7478390000.0,,,,,0,0,0.0,,2026-05-27,2026-05-27
44,Cincinnati Ins Cos,13.5,Very Low,0.45,0.0,0.0,0.0,,23.0,5379896000.0,,,,,0,0,0.0,,2026-05-27,2026-05-27
45,W. R. Berkley Ins Group,13.5,Very Low,0.45,0.0,0.0,0.0,,21.0,6131338000.0,,,,,0,0,0.0,,2026-05-27,2026-05-27
46,Amer Intl Group,13.5,Very Low,0.45,0.0,0.0,0.0,,10.0,14825888000.0,,,,,0,0,0.0,,2026-05-27,2026-05-27
47,AssuredPartners Inc.,12.0,Very Low,0.4,0.0,0.0,0.0,,5.0,981752255.0,,,,,0,0,0.0,,2026-05-27,2026-05-27
48,NFP,12.0,Very Low,0.4,0.0,0.0,0.0,,10.0,338500000.0,,,,,0,0,0.0,,2026-05-27,2026-05-27
49,FM Global Group,12.0,Very Low,0.4,0.0,0.0,0.0,,32.0,4007616000.0,,,,,0,0,0.0,,2026-05-27,2026-05-27
50,BroadStreet Partners Inc.,12.0,Very Low,0.4,0.0,0.0,0.0,,7.0,559589000.0,,,,,0,0,0.0,,2026-05-27,2026-05-27
51,HUB International Ltd.,12.0,Very Low,0.4,0.0,0.0,0.0,,1.0,1435434756.0,,,,,0,0,0.0,,2026-05-27,2026-05-27
52,Acrisure LLC,12.0,Very Low,0.4,0.0,0.0,0.0,,6.0,942352957.0,,,,,0,0,0.0,,2026-05-27,2026-05-27
53,Markel Corp Group,12.0,Very Low,0.4,0.0,0.0,0.0,,36.0,3809277000.0,,,,,0,0,0.0,,2026-05-27,2026-05-27
54,Confie,12.0,Very Low,0.4,0.0,0.0,0.0,,8.0,515000000.0,,,,,0,0,0.0,,2026-05-27,2026-05-27
55,Alliant Insurance Services Inc.,12.0,Very Low,0.4,0.0,0.0,0.0,,4.0,1024784327.0,,,,,0,0,0.0,,2026-05-27,2026-05-27
56,USI Insurance Services,12.0,Very Low,0.4,0.0,0.0,0.0,,3.0,1087549902.0,,,,,0,0,0.0,,2026-05-27,2026-05-27
57,EPIC,12.0,Very Low,0.4,0.0,0.0,0.0,,9.0,461377714.0,,,,,0,0,0.0,,2026-05-27,2026-05-27
58,Allianz US PC Ins Companies,12.0,Very Low,0.4,0.0,0.0,0.0,,40.0,4091021000.0,,,,,0,0,0.0,,2026-05-27,2026-05-27
59,Lockton Companies,12.0,Very Low,0.4,0.0,0.0,0.0,,2.0,1155316000.0,,,,,0,0,0.0,,2026-05-27,2026-05-27
60,Mercury Gen Group,10.5,Very Low,0.35,0.0,0.0,0.0,,34.0,3690508000.0,,,,,0,0,0.0,,2026-05-27,2026-05-27
61,Sentry Ins Group,10.5,Very Low,0.35,0.0,0.0,0.0,,47.0,2440418000.0,,,,,0,0,0.0,,2026-05-27,2026-05-27
62,COUNTRY Financial PC Group,10.5,Very Low,0.35,0.0,0.0,0.0,,44.0,2564827000.0,,,,,0,0,0.0,,2026-05-27,2026-05-27
63,Auto Club Enterprises Ins Group,10.5,Very Low,0.35,0.0,0.0,0.0,,27.0,4546591000.0,,,,,0,0,0.0,,2026-05-27,2026-05-27
64,Selective Ins Group,10.5,Very Low,0.35,0.0,0.0,0.0,,41.0,2679424000.0,,,,,0,0,0.0,,2026-05-27,2026-05-27
65,QBE North America Ins Group,9.5,Very Low,0.25,0.0,0.0,0.2,,38.0,2937088000.0,,Yes,,,0,0,0.0,,2026-05-27,2026-05-27
66,MetLife,9.5,Very Low,0.25,0.0,0.0,0.2,,31.0,3797476000.0,,Yes,,,0,0,0.0,,2026-05-27,2026-05-27
67,SCOR US Group,9.0,Very Low,0.3,0.0,0.0,0.0,,62.0,1848964000.0,,,,,0,0,0.0,,2026-05-27,2026-05-27
68,Woodruff Sawyer,9.0,Very Low,0.3,0.0,0.0,0.0,,18.0,114100000.0,,,,,0,0,0.0,,2026-05-27,2026-05-27
69,Heffernan Insurance Brokers,9.0,Very Low,0.3,0.0,0.0,0.0,,19.0,101773230.0,,,,,0,0,0.0,,2026-05-27,2026-05-27
70,Leavitt Group,9.0,Very Low,0.3,0.0,0.0,0.0,,12.0,209445078.0,,,,,0,0,0.0,,2026-05-27,2026-05-27
71,Higginbotham,9.0,Very Low,0.3,0.0,0.0,0.0,,15.0,139406000.0,,,,,0,0,0.0,,2026-05-27,2026-05-27
72,Hilb Group,9.0,Very Low,0.3,0.0,0.0,0.0,,21.0,100630793.0,,,,,0,0,0.0,,2026-05-27,2026-05-27
73,Risk Strategies,9.0,Very Low,0.3,0.0,0.0,0.0,,11.0,290649571.0,,,,,0,0,0.0,,2026-05-27,2026-05-27
74,AIS Insurance*,9.0,Very Low,0.3,0.0,0.0,0.0,,22.0,99878000.0,,,,,0,0,0.0,,2026-05-27,2026-05-27
75,Hylant,9.0,Very Low,0.3,0.0,0.0,0.0,,20.0,101412314.0,,,,,0,0,0.0,,2026-05-27,2026-05-27
76,IAT Ins Group,9.0,Very Low,0.3,0.0,0.0,0.0,,75.0,1238639000.0,,,,,0,0,0.0,,2026-05-27,2026-05-27
77,ICW Pool,9.0,Very Low,0.3,0.0,0.0,0.0,,80.0,1142082000.0,,,,,0,0,0.0,,2026-05-27,2026-05-27
78,IMA Financial Group Inc.,9.0,Very Low,0.3,0.0,0.0,0.0,,14.0,147043601.0,,,,,0,0,0.0,,2026-05-27,2026-05-27
79,INSURICA Inc.,9.0,Very Low,0.3,0.0,0.0,0.0,,23.0,94391726.0,,,,,0,0,0.0,,2026-05-27,2026-05-27
80,Federated Mutual Group,9.0,Very Low,0.3,0.0,0.0,0.0,,60.0,1649373000.0,,,,,0,0,0.0,,2026-05-27,2026-05-27
81,PayneWest Insurance Inc.,9.0,Very Low,0.3,0.0,0.0,0.0,,17.0,115909533.0,,,,,0,0,0.0,,2026-05-27,2026-05-27
82,Insurance Office of America Inc.,9.0,Very Low,0.3,0.0,0.0,0.0,,13.0,187415483.0,,,,,0,0,0.0,,2026-05-27,2026-05-27
83,PartnerRe US Group,9.0,Very Low,0.3,0.0,0.0,0.0,,57.0,2142127000.0,,,,,0,0,0.0,,2026-05-27,2026-05-27
84,Prime Risk Partners Inc.,9.0,Very Low,0.3,0.0,0.0,0.0,,25.0,86103868.0,,,,,0,0,0.0,,2026-05-27,2026-05-27
85,Argo Group,9.0,Very Low,0.3,0.0,0.0,0.0,,84.0,1090173000.0,,,,,0,0,0.0,,2026-05-27,2026-05-27
86,Eastern Insurance Group LLC,9.0,Very Low,0.3,0.0,0.0,0.0,,24.0,90322469.0,,,,,0,0,0.0,,2026-05-27,2026-05-27
87,Cross Insurance,9.0,Very Low,0.3,0.0,0.0,0.0,,16.0,134000000.0,,,,,0,0,0.0,,2026-05-27,2026-05-27
88,AmTrust,8.0,Very Low,0.2,0.0,0.0,0.2,,42.0,2083893000.0,,Yes,,,0,0,0.0,,2026-05-27,2026-05-27
89,Radian Group,7.5,Very Low,0.25,0.0,0.0,0.0,,81.0,1057681000.0,,,,,0,0,0.0,,2026-05-27,2026-05-27
90,AF Group,7.5,Very Low,0.25,0.0,0.0,0.0,,58.0,1617767000.0,,,,,0,0,0.0,,2026-05-27,2026-05-27
91,Universal Ins Hldgs Group,7.5,Very Low,0.25,0.0,0.0,0.0,,88.0,869845000.0,,,,,0,0,0.0,,2026-05-27,2026-05-27
92,CSAA Ins Group,7.5,Very Low,0.25,0.0,0.0,0.0,,28.0,4031220000.0,,,,,0,0,0.0,,2026-05-27,2026-05-27
93,Palisades Group,7.5,Very Low,0.25,0.0,0.0,0.0,,93.0,840768000.0,,,,,0,0,0.0,,2026-05-27,2026-05-27
94,Utica Natl Ins Group,7.5,Very Low,0.25,0.0,0.0,0.0,,78.0,1131097000.0,,,,,0,0,0.0,,2026-05-27,2026-05-27
95,Church Mutual Ins Group,7.5,Very Low,0.25,0.0,0.0,0.0,,96.0,845741000.0,,,,,0,0,0.0,,2026-05-27,2026-05-27
96,Intact US Ins Group,7.5,Very Low,0.25,0.0,0.0,0.0,,73.0,1202199000.0,,,,,0,0,0.0,,2026-05-27,2026-05-27
97,State Auto Ins Cos,7.5,Very Low,0.25,0.0,0.0,0.0,,54.0,2027918000.0,,,,,0,0,0.0,,2026-05-27,2026-05-27
98,Auto Club Group,7.5,Very Low,0.25,0.0,0.0,0.0,,43.0,2473773000.0,,,,,0,0,0.0,,2026-05-27,2026-05-27
99,West Bend Mutual Ins Co,7.5,Very Low,0.25,0.0,0.0,0.0,,71.0,1275968000.0,,,,,0,0,0.0,,2026-05-27,2026-05-27
100,Grange Ins Pool,7.5,Very Low,0.25,0.0,0.0,0.0,,70.0,1274202000.0,,,,,0,0,0.0,,2026-05-27,2026-05-27
101,Michigan Farm Bureau PC Companies,7.5,Very Low,0.25,0.0,0.0,0.0,,98.0,803206000.0,,,,,0,0,0.0,,2026-05-27,2026-05-27
102,NC Farm Bureau Ins Group,7.5,Very Low,0.25,0.0,0.0,0.0,,86.0,927856000.0,,,,,0,0,0.0,,2026-05-27,2026-05-27
103,"Acuity, A Mutual Ins Co",7.5,Very Low,0.25,0.0,0.0,0.0,,61.0,1582349000.0,,,,,0,0,0.0,,2026-05-27,2026-05-27
104,State Ins Fund WC Fund,6.0,Very Low,0.2,0.0,0.0,0.0,,49.0,1996372000.0,,,,,0,0,0.0,,2026-05-27,2026-05-27
105,Lawley Insurance,6.0,Very Low,0.2,0.0,0.0,0.0,,36.0,52580471.0,,,,,0,0,0.0,,2026-05-27,2026-05-27
106,LMC Insurance & Risk Management Inc.,6.0,Very Low,0.2,0.0,0.0,0.0,,46.0,44743637.0,,,,,0,0,0.0,,2026-05-27,2026-05-27
107,Old Republic Ins Group,6.0,Very Low,0.2,0.0,0.0,0.0,,39.0,2670167000.0,,,,,0,0,0.0,,2026-05-27,2026-05-27
108,Sunstar Insurance Group,6.0,Very Low,0.2,0.0,0.0,0.0,,45.0,45000000.0,,,,,0,0,0.0,,2026-05-27,2026-05-27
109,Shepherd Insurance,6.0,Very Low,0.2,0.0,0.0,0.0,,43.0,47488559.0,,,,,0,0,0.0,,2026-05-27,2026-05-27
110,Scott Insurance (James A. Scott and Son Inc.),6.0,Very Low,0.2,0.0,0.0,0.0,,48.0,43579000.0,,,,,0,0,0.0,,2026-05-27,2026-05-27
111,"Parker, Smith & Feek Inc.",6.0,Very Low,0.2,0.0,0.0,0.0,,47.0,43744167.0,,,,,0,0,0.0,,2026-05-27,2026-05-27
112,Professional Insurance Associates,6.0,Very Low,0.2,0.0,0.0,0.0,,38.0,52000000.0,,,,,0,0,0.0,,2026-05-27,2026-05-27
113,Starkweather & Shepley Insurance Brokerage Inc.,6.0,Very Low,0.2,0.0,0.0,0.0,,37.0,52145900.0,,,,,0,0,0.0,,2026-05-27,2026-05-27
114,Relation Insurance Inc.,6.0,Very Low,0.2,0.0,0.0,0.0,,40.0,50330000.0,,,,,0,0,0.0,,2026-05-27,2026-05-27
115,Propel Insurance,6.0,Very Low,0.2,0.0,0.0,0.0,,29.0,77200000.0,,,,,0,0,0.0,,2026-05-27,2026-05-27
116,Sompo Hldgs US Group,6.0,Very Low,0.2,0.0,0.0,0.0,,46.0,2264197000.0,,,,,0,0,0.0,,2026-05-27,2026-05-27
117,Germania Mutual Group,6.0,Very Low,0.2,0.0,0.0,0.0,,126.0,563068000.0,,,,,0,0,0.0,,2026-05-27,2026-05-27
118,TrueNorth,6.0,Very Low,0.2,0.0,0.0,0.0,,34.0,60652000.0,,,,,0,0,0.0,,2026-05-27,2026-05-27
119,Gowrie Group,6.0,Very Low,0.2,0.0,0.0,0.0,,50.0,40400000.0,,,,,0,0,0.0,,2026-05-27,2026-05-27
120,"Bowen, Miclette & Britt Insurance Agency LLC",6.0,Very Low,0.2,0.0,0.0,0.0,,44.0,46322192.0,,,,,0,0,0.0,,2026-05-27,2026-05-27
121,Baldwin Risk Partners,6.0,Very Low,0.2,0.0,0.0,0.0,,33.0,62411604.0,,,,,0,0,0.0,,2026-05-27,2026-05-27
122,Assurance,6.0,Very Low,0.2,0.0,0.0,0.0,,28.0,78042000.0,,,,,0,0,0.0,,2026-05-27,2026-05-27
123,Towne Insurance,6.0,Very Low,0.2,0.0,0.0,0.0,,35.0,54827671.0,,,,,0,0,0.0,,2026-05-27,2026-05-27
124,Aspen,6.0,Very Low,0.2,0.0,0.0,0.0,,127.0,937992000.0,,,,,0,0,0.0,,2026-05-27,2026-05-27
125,Arch Ins Group,6.0,Very Low,0.2,0.0,0.0,0.0,,37.0,2908209000.0,,,,,0,0,0.0,,2026-05-27,2026-05-27
126,FMH Ins Group,6.0,Very Low,0.2,0.0,0.0,0.0,,123.0,603172000.0,,,,,0,0,0.0,,2026-05-27,2026-05-27
127,Ansay & Associates,6.0,Very Low,0.2,0.0,0.0,0.0,,49.0,40986433.0,,,,,0,0,0.0,,2026-05-27,2026-05-27
128,UniVista Insurance,6.0,Very Low,0.2,0.0,0.0,0.0,,31.0,68534738.0,,,,,0,0,0.0,,2026-05-27,2026-05-27
129,The Horton Group Inc.,6.0,Very Low,0.2,0.0,0.0,0.0,,41.0,49891215.0,,,,,0,0,0.0,,2026-05-27,2026-05-27
130,Amica Mutual Group,6.0,Very Low,0.2,0.0,0.0,0.0,,45.0,2294966000.0,,,,,0,0,0.0,,2026-05-27,2026-05-27
131,Westwood Insurance Agency,6.0,Very Low,0.2,0.0,0.0,0.0,,30.0,75791523.0,,,,,0,0,0.0,,2026-05-27,2026-05-27
132,Ally Ins Group,6.0,Very Low,0.2,0.0,0.0,0.0,,124.0,555768000.0,,,,,0,0,0.0,,2026-05-27,2026-05-27
133,AXA U.S. Group,6.0,Very Low,0.2,0.0,0.0,0.0,,33.0,2441804000.0,,,,,0,0,0.0,,2026-05-27,2026-05-27
134,Houchens Insurance Group Inc.,6.0,Very Low,0.2,0.0,0.0,0.0,,42.0,49576644.0,,,,,0,0,0.0,,2026-05-27,2026-05-27
135,Alera Group,6.0,Very Low,0.2,0.0,0.0,0.0,,26.0,82173000.0,,,,,0,0,0.0,,2026-05-27,2026-05-27
136,Graham Company,6.0,Very Low,0.2,0.0,0.0,0.0,,39.0,51126847.0,,,,,0,0,0.0,,2026-05-27,2026-05-27
137,TWFG Insurance Services,6.0,Very Low,0.2,0.0,0.0,0.0,,27.0,80117709.0,,,,,0,0,0.0,,2026-05-27,2026-05-27
138,Arbella Ins Group,4.5,Very Low,0.15,0.0,0.0,0.0,,95.0,801023000.0,,,,,0,0,0.0,,2026-05-27,2026-05-27
139,Amer Natl Prop & Cas Group,4.5,Very Low,0.15,0.0,0.0,0.0,,85.0,1430047000.0,,,,,0,0,0.0,,2026-05-27,2026-05-27
140,ProSight Specialty Group,4.5,Very Low,0.15,0.0,0.0,0.0,,88.0,850789000.0,,,,,0,0,0.0,,2026-05-27,2026-05-27
141,Southern Farm Bureau Cas Group,4.5,Very Low,0.15,0.0,0.0,0.0,,59.0,1509107000.0,,,,,0,0,0.0,,2026-05-27,2026-05-27
142,Wawanesa Gen Ins Co,4.5,Very Low,0.15,0.0,0.0,0.0,,122.0,548776000.0,,,,,0,0,0.0,,2026-05-27,2026-05-27
143,RLI Group,4.5,Very Low,0.15,0.0,0.0,0.0,,90.0,880337000.0,,,,,0,0,0.0,,2026-05-27,2026-05-27
144,Western Natl Ins Group,4.5,Very Low,0.15,0.0,0.0,0.0,,107.0,733092000.0,,,,,0,0,0.0,,2026-05-27,2026-05-27
145,Shelter Ins cos,4.5,Very Low,0.15,0.0,0.0,0.0,,56.0,1907802000.0,,,,,0,0,0.0,,2026-05-27,2026-05-27
146,Secura Ins Cos,4.5,Very Low,0.15,0.0,0.0,0.0,,111.0,669032000.0,,,,,0,0,0.0,,2026-05-27,2026-05-27
147,CUMIS Ins Society Group,4.5,Very Low,0.15,0.0,0.0,0.0,,82.0,930654000.0,,,,,0,0,0.0,,2026-05-27,2026-05-27
148,United Fire & Cas Group,4.5,Very Low,0.15,0.0,0.0,0.0,,76.0,1096730000.0,,,,,0,0,0.0,,2026-05-27,2026-05-27
149,Safety Group,4.5,Very Low,0.15,0.0,0.0,0.0,,94.0,794408000.0,,,,,0,0,0.0,,2026-05-27,2026-05-27
150,Mortgage Guar Group,4.5,Very Low,0.15,0.0,0.0,0.0,,79.0,1001148000.0,,,,,0,0,0.0,,2026-05-27,2026-05-27
151,Doctors Co Ins Group,4.5,Very Low,0.15,0.0,0.0,0.0,,83.0,917599000.0,,,,,0,0,0.0,,2026-05-27,2026-05-27
152,NYCM Ins Group,4.5,Very Low,0.15,0.0,0.0,0.0,,118.0,603934000.0,,,,,0,0,0.0,,2026-05-27,2026-05-27
153,NJM Ins Group,4.5,Very Low,0.15,0.0,0.0,0.0,,52.0,2006683000.0,,,,,0,0,0.0,,2026-05-27,2026-05-27
154,Donegal Ins Group,4.5,Very Low,0.15,0.0,0.0,0.0,,85.0,916803000.0,,,,,0,0,0.0,,2026-05-27,2026-05-27
155,Loya Ins Group,4.5,Very Low,0.15,0.0,0.0,0.0,,117.0,611738000.0,,,,,0,0,0.0,,2026-05-27,2026-05-27
156,EMC lns Cos,4.5,Very Low,0.15,0.0,0.0,0.0,,53.0,1910680000.0,,,,,0,0,0.0,,2026-05-27,2026-05-27
157,Encova Mutual Ins Group,4.5,Very Low,0.15,0.0,0.0,0.0,,74.0,1092778000.0,,,,,0,0,0.0,,2026-05-27,2026-05-27
158,Essent Guar Group,4.5,Very Low,0.15,0.0,0.0,0.0,,121.0,556138000.0,,,,,0,0,0.0,,2026-05-27,2026-05-27
159,Texas Farm Bureau Group,4.5,Very Low,0.15,0.0,0.0,0.0,,69.0,1254578000.0,,,,,0,0,0.0,,2026-05-27,2026-05-27
160,KY Fann Bureau Group,4.5,Very Low,0.15,0.0,0.0,0.0,,77.0,1059496000.0,,,,,0,0,0.0,,2026-05-27,2026-05-27
161,FCCI Ins Group,4.5,Very Low,0.15,0.0,0.0,0.0,,92.0,810502000.0,,,,,0,0,0.0,,2026-05-27,2026-05-27
162,Farm Bureau P&C Group,4.5,Very Low,0.15,0.0,0.0,0.0,,63.0,1417693000.0,,,,,0,0,0.0,,2026-05-27,2026-05-27
163,TN Farmers Ins Cos,4.5,Very Low,0.15,0.0,0.0,0.0,,64.0,1413657000.0,,,,,0,0,0.0,,2026-05-27,2026-05-27
164,Swingle Collins & Associates,3.0,Very Low,0.1,0.0,0.0,0.0,,93.0,21916804.0,,,,,0,0,0.0,,2026-05-27,2026-05-27
165,TX Mutual Ins Co,3.0,Very Low,0.1,0.0,0.0,0.0,,72.0,1107238000.0,,,,,0,0,0.0,,2026-05-27,2026-05-27
166,Turner Surety & Insurance Brokerage (TSIB),3.0,Very Low,0.1,0.0,0.0,0.0,,76.0,28453000.0,,,,,0,0,0.0,,2026-05-27,2026-05-27
167,TRICOR,3.0,Very Low,0.1,0.0,0.0,0.0,,75.0,28584000.0,,,,,0,0,0.0,,2026-05-27,2026-05-27
168,The Buckner Company Inc.,3.0,Very Low,0.1,0.0,0.0,0.0,,78.0,27057580.0,,,,,0,0,0.0,,2026-05-27,2026-05-27
169,World Insurance Associates LLC,3.0,Very Low,0.1,0.0,0.0,0.0,,77.0,28380664.0,,,,,0,0,0.0,,2026-05-27,2026-05-27
170,Wood Gutmann & Bogart Insurance Brokers,3.0,Very Low,0.1,0.0,0.0,0.0,,74.0,28973093.0,,,,,0,0,0.0,,2026-05-27,2026-05-27
171,Tompkins Insurance Agencies Inc.,3.0,Very Low,0.1,0.0,0.0,0.0,,87.0,24066983.0,,,,,0,0,0.0,,2026-05-27,2026-05-27
172,The Daniel and Henry Company,3.0,Very Low,0.1,0.0,0.0,0.0,,95.0,21097000.0,,,,,0,0,0.0,,2026-05-27,2026-05-27
173,SullivanCurtisMonroe Insurance Services LLC,3.0,Very Low,0.1,0.0,0.0,0.0,,83.0,24971000.0,,,,,0,0,0.0,,2026-05-27,2026-05-27
174,Westfield Group,3.0,Very Low,0.1,0.0,0.0,0.0,,55.0,1803649000.0,,,,,0,0,0.0,,2026-05-27,2026-05-27
175,The Mahoney Group,3.0,Very Low,0.1,0.0,0.0,0.0,,53.0,38329667.0,,,,,0,0,0.0,,2026-05-27,2026-05-27
176,Sterling Seacrest Partners Inc.,3.0,Very Low,0.1,0.0,0.0,0.0,,69.0,30036254.0,,,,,0,0,0.0,,2026-05-27,2026-05-27
177,Sihle Insurance Group Inc.,3.0,Very Low,0.1,0.0,0.0,0.0,,84.0,24702538.0,,,,,0,0,0.0,,2026-05-27,2026-05-27
178,State Compensation Ins Fund,3.0,Very Low,0.1,0.0,0.0,0.0,,88.0,1191289000.0,,,,,0,0,0.0,,2026-05-27,2026-05-27
179,TIS Insurance Sevices Inc.,3.0,Very Low,0.1,0.0,0.0,0.0,,71.0,29616846.0,,,,,0,0,0.0,,2026-05-27,2026-05-27
180,ABD Insurance and Financial Services,3.0,Very Low,0.1,0.0,0.0,0.0,,51.0,39200000.0,,,,,0,0,0.0,,2026-05-27,2026-05-27
181,HNI,3.0,Very Low,0.1,0.0,0.0,0.0,,70.0,29713476.0,,,,,0,0,0.0,,2026-05-27,2026-05-27
182,Christensen Group,3.0,Very Low,0.1,0.0,0.0,0.0,,91.0,23176417.0,,,,,0,0,0.0,,2026-05-27,2026-05-27
183,HomeServices Insurance,3.0,Very Low,0.1,0.0,0.0,0.0,,72.0,29050000.0,,,,,0,0,0.0,,2026-05-27,2026-05-27
184,"Haylor, Freyer & Coon Inc.",3.0,Very Low,0.1,0.0,0.0,0.0,,62.0,32795256.0,,,,,0,0,0.0,,2026-05-27,2026-05-27
185,Rose & Kiernan Inc.,3.0,Very Low,0.1,0.0,0.0,0.0,,54.0,38283740.0,,,,,0,0,0.0,,2026-05-27,2026-05-27
186,Frost Insurance,3.0,Very Low,0.1,0.0,0.0,0.0,,66.0,30984905.0,,,,,0,0,0.0,,2026-05-27,2026-05-27
187,Foa & Son Corporation,3.0,Very Low,0.1,0.0,0.0,0.0,,92.0,23050000.0,,,,,0,0,0.0,,2026-05-27,2026-05-27
188,Fisher Brown Bottrell Insurance Inc.,3.0,Very Low,0.1,0.0,0.0,0.0,,56.0,36224107.0,,,,,0,0,0.0,,2026-05-27,2026-05-27
189,Employers Ins Group,3.0,Very Low,0.1,0.0,0.0,0.0,,99.0,845519000.0,,,,,0,0,0.0,,2026-05-27,2026-05-27
190,Crest Insurance Group LLC,3.0,Very Low,0.1,0.0,0.0,0.0,,89.0,23696935.0,,,,,0,0,0.0,,2026-05-27,2026-05-27
191,Cobbs Allen,3.0,Very Low,0.1,0.0,0.0,0.0,,85.0,24496827.0,,,,,0,0,0.0,,2026-05-27,2026-05-27
192,Charles L. Crane Agency,3.0,Very Low,0.1,0.0,0.0,0.0,,57.0,36000000.0,,,,,0,0,0.0,,2026-05-27,2026-05-27
193,Insgroup Inc.,3.0,Very Low,0.1,0.0,0.0,0.0,,81.0,25861000.0,,,,,0,0,0.0,,2026-05-27,2026-05-27
194,Bolton & Company,3.0,Very Low,0.1,0.0,0.0,0.0,,67.0,30505000.0,,,,,0,0,0.0,,2026-05-27,2026-05-27
195,Atlas Insurance Brokers LLC,3.0,Very Low,0.1,0.0,0.0,0.0,,88.0,23815891.0,,,,,0,0,0.0,,2026-05-27,2026-05-27
196,Atlas Insurance Agency,3.0,Very Low,0.1,0.0,0.0,0.0,,94.0,21336977.0,,,,,0,0,0.0,,2026-05-27,2026-05-27
197,Associated Insurance Management LLC,3.0,Very Low,0.1,0.0,0.0,0.0,,98.0,19711707.0,,,,,0,0,0.0,,2026-05-27,2026-05-27
198,Associated Benefits and Risk Consulting,3.0,Very Low,0.1,0.0,0.0,0.0,,65.0,31289600.0,,,,,0,0,0.0,,2026-05-27,2026-05-27
199,Andreini & Company,3.0,Very Low,0.1,0.0,0.0,0.0,,60.0,34409442.0,,,,,0,0,0.0,,2026-05-27,2026-05-27
200,Amerisure Cos,3.0,Very Low,0.1,0.0,0.0,0.0,,91.0,796474000.0,,,,,0,0,0.0,,2026-05-27,2026-05-27
201,Alfa Ins Group,3.0,Very Low,0.1,0.0,0.0,0.0,,66.0,1326984000.0,,,,,0,0,0.0,,2026-05-27,2026-05-27
202,AHT Insurance,3.0,Very Low,0.1,0.0,0.0,0.0,,82.0,25725165.0,,,,,0,0,0.0,,2026-05-27,2026-05-27
203,Huntington Insurance,3.0,Very Low,0.1,0.0,0.0,0.0,,52.0,38406000.0,,,,,0,0,0.0,,2026-05-27,2026-05-27
204,James G Parker Insurance Associates,3.0,Very Low,0.1,0.0,0.0,0.0,,64.0,31842000.0,,,,,0,0,0.0,,2026-05-27,2026-05-27
205,JGS Insurance,3.0,Very Low,0.1,0.0,0.0,0.0,,86.0,24369575.0,,,,,0,0,0.0,,2026-05-27,2026-05-27
206,Murray Securus,3.0,Very Low,0.1,0.0,0.0,0.0,,97.0,20429000.0,,,,,0,0,0.0,,2026-05-27,2026-05-27
207,Rogers & Gray Insurance,3.0,Very Low,0.1,0.0,0.0,0.0,,80.0,25935009.0,,,,,0,0,0.0,,2026-05-27,2026-05-27
208,Robertson Ryan & Associates,3.0,Very Low,0.1,0.0,0.0,0.0,,58.0,35425000.0,,,,,0,0,0.0,,2026-05-27,2026-05-27
209,Rich & Cartmill Inc.,3.0,Very Low,0.1,0.0,0.0,0.0,,59.0,34827303.0,,,,,0,0,0.0,,2026-05-27,2026-05-27
210,RenaissanceRe US Group,3.0,Very Low,0.1,0.0,0.0,0.0,,100.0,533875000.0,,,,,0,0,0.0,,2026-05-27,2026-05-27
211,R&R Insurance Services,3.0,Very Low,0.1,0.0,0.0,0.0,,79.0,26165525.0,,,,,0,0,0.0,,2026-05-27,2026-05-27
212,Premier Group Insurance,3.0,Very Low,0.1,0.0,0.0,0.0,,55.0,38151357.0,,,,,0,0,0.0,,2026-05-27,2026-05-27
213,PCF Insurance Services LLC,3.0,Very Low,0.1,0.0,0.0,0.0,,61.0,34000000.0,,,,,0,0,0.0,,2026-05-27,2026-05-27
214,People’s United Insurance Agency Inc.,3.0,Very Low,0.1,0.0,0.0,0.0,,63.0,32196000.0,,,,,0,0,0.0,,2026-05-27,2026-05-27
215,Moreton & Company,3.0,Very Low,0.1,0.0,0.0,0.0,,73.0,28983000.0,,,,,0,0,0.0,,2026-05-27,2026-05-27
216,L/P Insurance Services,3.0,Very Low,0.1,0.0,0.0,0.0,,96.0,20655286.0,,,,,0,0,0.0,,2026-05-27,2026-05-27
217,M&T Insurance Agency Inc.,3.0,Very Low,0.1,0.0,0.0,0.0,,68.0,30500000.0,,,,,0,0,0.0,,2026-05-27,2026-05-27
218,MJ Insurance Inc.,3.0,Very Low,0.1,0.0,0.0,0.0,,100.0,18803908.0,,,,,0,0,0.0,,2026-05-27,2026-05-27
219,Lipscomb & Pitts Insurance,3.0,Very Low,0.1,0.0,0.0,0.0,,99.0,19505319.0,,,,,0,0,0.0,,2026-05-27,2026-05-27
220,John M Glover Agency,3.0,Very Low,0.1,0.0,0.0,0.0,,90.0,23432531.0,,,,,0,0,0.0,,2026-05-27,2026-05-27
221,Penn Natl Ins Cos,1.5,Very Low,0.05,0.0,0.0,0.0,,101.0,749617000.0,,,,,0,0,0.0,,2026-05-27,2026-05-27
222,Horace Mann Ins Group,1.5,Very Low,0.05,0.0,0.0,0.0,,105.0,680261000.0,,,,,0,0,0.0,,2026-05-27,2026-05-27
223,United Farm Bureau of Indiana Group,1.5,Very Low,0.05,0.0,0.0,0.0,,113.0,625095000.0,,,,,0,0,0.0,,2026-05-27,2026-05-27
224,Central Ins Cos,1.5,Very Low,0.05,0.0,0.0,0.0,,102.0,720489000.0,,,,,0,0,0.0,,2026-05-27,2026-05-27
225,Citizens Property lns Corporation,1.5,Very Low,0.05,0.0,0.0,0.0,,112.0,638990000.0,,,,,0,0,0.0,,2026-05-27,2026-05-27
226,Frankenmuth Ins Group,1.5,Very Low,0.05,0.0,0.0,0.0,,103.0,715161000.0,,,,,0,0,0.0,,2026-05-27,2026-05-27
227,ProAssurance Group,1.5,Very Low,0.05,0.0,0.0,0.0,,1116.0,679060000.0,,,,,0,0,0.0,,2026-05-27,2026-05-27
228,CopperPoint Ins Group,1.5,Very Low,0.05,0.0,0.0,0.0,,115.0,609825000.0,,,,,0,0,0.0,,2026-05-27,2026-05-27
229,Grinnell Mutual Group,1.5,Very Low,0.05,0.0,0.0,0.0,,109.0,648848000.0,,,,,0,0,0.0,,2026-05-27,2026-05-27
230,Andover Companies Pool,1.5,Very Low,0.05,0.0,0.0,0.0,,108.0,656469000.0,,,,,0,0,0.0,,2026-05-27,2026-05-27
231,United Ins Group,1.5,Very Low,0.05,0.0,0.0,0.0,,104.0,706827000.0,,,,,0,0,0.0,,2026-05-27,2026-05-27
232,AmeriTrust Group,0.0,Very Low,0.0,0.0,0.0,0.0,,119.0,519823000.0,,,,,0,0,0.0,,2026-05-27,2026-05-27
233,Plymouth Rock Cos,0.0,Very Low,0.0,0.0,0.0,0.0,,116.0,544587000.0,,,,,0,0,0.0,,2026-05-27,2026-05-27
234,Pinnacol Assur,0.0,Very Low,0.0,0.0,0.0,0.0,,110.0,597049000.0,,,,,0,0,0.0,,2026-05-27,2026-05-27
235,Pekin Ins Group,0.0,Very Low,0.0,0.0,0.0,0.0,,114.0,591388000.0,,,,,0,0,0.0,,2026-05-27,2026-05-27
236,SAIF Corp,0.0,Very Low,0.0,0.0,0.0,0.0,,120.0,508621000.0,,,,,0,0,0.0,,2026-05-27,2026-05-27
